,balance,equity,balance_btc,equity_btc
0,199.966760754,200.0,0.0,0.0
60,199.96198240200002,197.74853075400003,0.0,-2.218229999999977
120,199.96198240200002,199.79074240200006,0.0,-0.17123999999994588
180,199.92090237000002,197.86449240200005,0.0,-2.097489999999951
240,199.83555267000003,192.8399123700001,0.0,-7.080989999999937
300,199.83555267000003,215.5653826700002,0.0,15.729830000000158
360,221.7625561660001,203.25818267000008,0.0,3.422630000000055
420,221.7625561660001,221.7625561660001,0.0,0.0
480,221.7625561660001,221.7625561660001,0.0,0.0
540,221.7625561660001,221.7625561660001,0.0,0.0
600,221.7625561660001,221.7625561660001,0.0,0.0
660,221.7625561660001,221.7625561660001,0.0,0.0
720,221.7203936060001,221.7625561660001,0.0,0.0
780,221.7203936060001,217.69419360600008,0.0,-4.026200000000012
840,221.7203936060001,222.6363036060001,0.0,0.9159099999999931
900,221.6747929780001,219.39925360600012,0.0,-2.321139999999978
960,221.58013750800012,211.16967297800008,0.0,-10.505120000000037
1020,221.58013750800012,212.5591775080001,0.0,-9.02096000000002
1080,221.58013750800012,221.2791275080001,0.0,-0.30101000000002764
1140,221.58013750800012,213.01661750800014,0.0,-8.563519999999968
1200,221.58013750800012,211.95878750800009,0.0,-9.621350000000042
1260,221.58013750800012,197.1777575080001,0.0,-24.402380000000026
1320,221.58013750800012,209.29991750800008,0.0,-12.28022000000004
1380,212.67494893993614,196.6917275080001,0.0,-24.88841000000001
1440,212.67494893993614,207.47027803800003,0.0,-5.2046709019361215
1500,212.67494893993614,216.25823803799994,0.0,3.5832890980638155
1560,242.83822748999995,229.644118038,0.0,16.96916909806384
1620,242.83822748999995,242.83822748999995,0.0,0.0
1680,242.83822748999995,242.83822748999995,0.0,0.0
1740,242.83822748999995,242.83822748999995,0.0,0.0
1800,242.83822748999995,242.83822748999995,0.0,0.0
1860,242.83822748999995,242.83822748999995,0.0,0.0
1920,242.83822748999995,242.83822748999995,0.0,0.0
1980,242.83822748999995,242.83822748999995,0.0,0.0
2040,242.83822748999995,242.83822748999995,0.0,0.0
2100,242.83822748999995,242.83822748999995,0.0,0.0
2160,242.83822748999995,242.83822748999995,0.0,0.0
2220,242.83822748999995,242.83822748999995,0.0,0.0
2280,242.83822748999995,242.83822748999995,0.0,0.0
2340,242.79781472599996,242.83822748999995,0.0,0.0
2400,242.79781472599996,243.44573472599996,0.0,0.647919999999995
2460,242.79205565399997,241.80724472599996,0.0,-0.9905699999999933
2520,242.79205565399997,245.43238565399997,0.0,2.640329999999996
2580,242.79205565399997,248.37592565399999,0.0,5.583870000000006
2640,242.79205565399997,243.74020565399996,0.0,0.948149999999999
2700,242.79205565399997,242.51017565399997,0.0,-0.2818800000000139
2760,242.79205565399997,241.32991565399996,0.0,-1.4621399999999913
2820,242.79205565399997,239.14003565399994,0.0,-3.6520200000000154
2880,242.79205565399997,238.42903565399996,0.0,-4.363020000000001
2940,242.79205565399997,238.81297565399996,0.0,-3.979080000000011
3000,242.74217347399997,237.54028565399997,0.0,-5.2517700000000005
3060,242.74217347399997,241.42618347399983,0.0,-1.3159900000001297
3120,242.74217347399997,246.04926347399984,0.0,3.3070899999998677
3180,256.07205373399984,246.25940347399987,0.0,3.5172299999999113
3240,256.07205373399984,256.07205373399984,0.0,0.0
3300,256.07205373399984,256.07205373399984,0.0,0.0
3360,256.07205373399984,256.07205373399984,0.0,0.0
3420,256.07205373399984,256.07205373399984,0.0,0.0
3480,256.07205373399984,256.07205373399984,0.0,0.0
3540,256.07205373399984,256.07205373399984,0.0,0.0
3600,256.07205373399984,256.07205373399984,0.0,0.0
3660,256.07205373399984,256.07205373399984,0.0,0.0
3720,256.07205373399984,256.07205373399984,0.0,0.0
3780,256.07205373399984,256.07205373399984,0.0,0.0
3840,256.07205373399984,256.07205373399984,0.0,0.0
3900,256.07205373399984,256.07205373399984,0.0,0.0
3960,256.02942283399983,256.07205373399984,0.0,0.0
4020,256.02942283399983,255.30283283399984,0.0,-0.7265899999999971
4080,256.0233802519998,255.79794283399983,0.0,-0.23148000000000876
4140,263.03200502799984,257.37891025199986,0.0,1.3555300000000212
4200,262.98823228599986,263.03200502799984,0.0,0.0
4260,262.98823228599986,261.83148228599987,0.0,-1.1567499999999813
4320,262.98823228599986,260.8862522859999,0.0,-2.101979999999986
4380,262.98823228599986,259.91458228599987,0.0,-3.073649999999976
4440,262.98201399799984,260.9391322859999,0.0,-2.049099999999968
4500,262.98201399799984,261.64836399799987,0.0,-1.3336500000000022
4560,262.98201399799984,264.5324639979998,0.0,1.550449999999982
4620,262.98201399799984,265.4988639979998,0.0,2.5168499999999825
4680,262.98201399799984,264.42676399799984,0.0,1.4447500000000135
4740,270.18127282799986,268.41316399799985,0.0,5.431150000000003
4800,270.18127282799986,270.18127282799986,0.0,0.0
4860,270.18127282799986,270.18127282799986,0.0,0.0
4920,270.18127282799986,270.18127282799986,0.0,0.0
4980,270.18127282799986,270.18127282799986,0.0,0.0
5040,270.18127282799986,270.18127282799986,0.0,0.0
5100,270.18127282799986,270.18127282799986,0.0,0.0
5160,270.18127282799986,270.18127282799986,0.0,0.0
5220,270.18127282799986,270.18127282799986,0.0,0.0
5280,270.18127282799986,270.18127282799986,0.0,0.0
5340,270.18127282799986,270.18127282799986,0.0,0.0
5400,270.18127282799986,270.18127282799986,0.0,0.0
5460,270.18127282799986,270.18127282799986,0.0,0.0
5520,270.18127282799986,270.18127282799986,0.0,0.0
5580,270.18127282799986,270.18127282799986,0.0,0.0
5640,270.18127282799986,270.18127282799986,0.0,0.0
5700,270.18127282799986,270.18127282799986,0.0,0.0
5760,270.18127282799986,270.18127282799986,0.0,0.0
5820,270.18127282799986,270.18127282799986,0.0,0.0
5880,270.18127282799986,270.18127282799986,0.0,0.0
5940,270.18127282799986,270.18127282799986,0.0,0.0
6000,270.18127282799986,270.18127282799986,0.0,0.0
6060,270.18127282799986,270.18127282799986,0.0,0.0
6120,270.1363225379999,270.18127282799986,0.0,0.0
6180,270.1363225379999,271.87197253799985,0.0,1.7356499999999793
6240,270.1363225379999,268.5163825379999,0.0,-1.6199399999999893
6300,270.12992190199986,271.1838025379999,0.0,1.047479999999982
6360,270.12992190199986,265.8062419019999,0.0,-4.323679999999993
6420,270.07438803599985,265.6463919019999,0.0,-4.483529999999967
6480,270.07438803599985,274.4357880359999,0.0,4.361400000000035
6540,270.07438803599985,272.3365480359999,0.0,2.2621600000000255
6600,270.07438803599985,262.3835080359999,0.0,-7.690879999999934
6660,270.07438803599985,275.12574803599995,0.0,5.051360000000097
6720,270.07438803599985,273.1586280359999,0.0,3.0842400000000914
6780,270.07438803599985,273.46690803599995,0.0,3.3925200000001032
6840,270.07438803599985,272.29250803599984,0.0,2.218120000000024
6900,270.07438803599985,270.29602803599994,0.0,0.2216400000000874
6960,270.07438803599985,273.64306803599993,0.0,3.5686800000001098
7020,270.07438803599985,265.99478803599993,0.0,-4.0795999999999015
7080,270.07438803599985,269.81158803599993,0.0,-0.2627999999999309
7140,270.07438803599985,268.84270803599986,0.0,-1.2316799999999677
7200,270.07438803599985,273.81922803599986,0.0,3.7448400000000124
7260,270.07438803599985,279.07466803599993,0.0,9.000280000000073
7320,270.07438803599985,271.0593880359999,0.0,0.9850000000000816
7380,270.07438803599985,273.52562803599994,0.0,3.4512400000000705
7440,270.07438803599985,268.9161080359999,0.0,-1.15827999999993
7500,270.07438803599985,276.99010803599987,0.0,6.915720000000028
7560,270.07438803599985,275.1404280359999,0.0,5.066040000000062
7620,270.07438803599985,272.87970803599984,0.0,2.8053200000000116
7680,270.07438803599985,272.0869880359999,0.0,2.0126000000000857
7740,266.7792810232625,267.9031880359999,0.0,-2.1711999999999683
7800,265.3279535475441,264.51031085199986,0.0,-2.2689701712626573
7860,265.3279535475441,261.3776979219998,0.0,-3.9502556255443153
7920,265.3279535475441,273.49196792199973,0.0,8.164014374455645
7980,265.3279535475441,282.904797922,0.0,17.576844374455902
8040,303.84949259399986,283.11584792199983,0.0,17.78789437445571
8100,303.84949259399986,303.84949259399986,0.0,0.0
8160,303.79894710599984,303.84949259399986,0.0,0.0
8220,303.79894710599984,304.6129071059998,0.0,0.81395999999998
8280,303.79894710599984,304.05598710599986,0.0,0.2570400000000097
8340,303.79894710599984,302.64226710599985,0.0,-1.156679999999993
8400,303.79894710599984,300.27178710599986,0.0,-3.527159999999998
8460,303.7917121799998,300.5288271059999,0.0,-3.2701199999999884
8520,303.7917121799998,300.49650217999977,0.0,-3.2952100000000333
8580,303.7917121799998,300.67624217999975,0.0,-3.1154700000000455
8640,303.7917121799998,297.53896217999977,0.0,-6.252750000000049
8700,303.7917121799998,301.7791921799998,0.0,-2.012520000000004
8760,303.7917121799998,302.8086121799998,0.0,-0.983100000000023
8820,303.7292726519998,303.2988121799998,0.0,-0.4929000000000044
8880,303.7292726519998,296.7195626519997,0.0,-7.009710000000112
8940,303.7292726519998,305.49981265199966,0.0,1.7705399999998939
9000,303.5995659839998,297.2715626519997,0.0,-6.45771000000005
9060,303.5995659839998,308.9800159839997,0.0,5.380449999999855
9120,292.9831874204661,304.8998559839996,0.0,1.3002899999997868
9180,291.78915109506687,287.0307213039993,0.0,-5.209206506917387
9240,291.78915109506687,274.48281868399954,0.0,-17.306332411067356
9300,291.78915109506687,292.98521868399934,0.0,1.1960675889324535
9360,333.1567355539994,324.2316186839993,0.0,32.44246758893241
9420,333.1567355539994,333.1567355539994,0.0,0.0
9480,333.1567355539994,333.1567355539994,0.0,0.0
9540,333.1013410699994,333.1567355539994,0.0,0.0
9600,333.09343149399945,334.2123910699994,0.0,1.1110499999999837
9660,333.09343149399945,337.3355314939994,0.0,4.2420999999999625
9720,342.2095311859994,341.3920114939994,0.0,8.298579999999983
9780,342.2095311859994,342.2095311859994,0.0,0.0
9840,342.2095311859994,342.2095311859994,0.0,0.0
9900,342.2095311859994,342.2095311859994,0.0,0.0
9960,342.2095311859994,342.2095311859994,0.0,0.0
10020,342.2095311859994,342.2095311859994,0.0,0.0
10080,342.2095311859994,342.2095311859994,0.0,0.0
10140,342.15257064599945,342.2095311859994,0.0,0.0
10200,342.14450423799946,344.06847064599947,0.0,1.9159000000000332
10260,351.5128002479995,348.7706742379995,0.0,6.626170000000053
10320,351.5128002479995,351.5128002479995,0.0,0.0
10380,351.5128002479995,351.5128002479995,0.0,0.0
10440,351.4543398059995,351.5128002479995,0.0,0.0
10500,351.4459735919995,343.7708898059995,0.0,-7.683450000000009
10560,351.4459735919995,349.6200535919996,0.0,-1.825919999999945
10620,351.4459735919995,346.99565359199954,0.0,-4.450319999999976
10680,351.4459735919995,347.97737359199954,0.0,-3.4685999999999844
10740,351.3737109039995,344.01161359199955,0.0,-7.434359999999996
10800,351.3737109039995,340.58196090399935,0.0,-10.791750000000134
10860,351.3737109039995,338.1183609039994,0.0,-13.255350000000082
10920,351.3737109039995,337.29716090399944,0.0,-14.076550000000063
10980,351.3737109039995,343.53828090399946,0.0,-7.835430000000022
11040,351.3737109039995,341.8342909039994,0.0,-9.539420000000135
11100,351.3737109039995,351.62710090399946,0.0,0.25338999999994516
11160,351.3737109039995,351.17544090399946,0.0,-0.19827000000002337
11220,351.3737109039995,358.5251809039994,0.0,7.151469999999915
11280,351.3737109039995,353.41321090399936,0.0,2.039499999999867
11340,351.3737109039995,356.8417209039994,0.0,5.4680099999999
11400,351.3737109039995,351.3191509039994,0.0,-0.05456000000006654
11460,351.3737109039995,348.3833609039994,0.0,-2.9903500000000807
11520,351.3737109039995,352.3251209039994,0.0,0.951409999999923
11580,351.3737109039995,352.5509509039995,0.0,1.1772399999999803
11640,351.3737109039995,359.2847909039994,0.0,7.911079999999895
11700,351.3737109039995,360.7834809039994,0.0,9.409769999999904
11760,370.66801410399944,369.2418409039994,0.0,17.868129999999883
11820,370.66801410399944,370.66801410399944,0.0,0.0
11880,370.66801410399944,370.66801410399944,0.0,0.0
11940,370.66801410399944,370.66801410399944,0.0,0.0
12000,370.66801410399944,370.66801410399944,0.0,0.0
12060,370.66801410399944,370.66801410399944,0.0,0.0
12120,370.66801410399944,370.66801410399944,0.0,0.0
12180,370.66801410399944,370.66801410399944,0.0,0.0
12240,370.66801410399944,370.66801410399944,0.0,0.0
12300,370.66801410399944,370.66801410399944,0.0,0.0
12360,370.66801410399944,370.66801410399944,0.0,0.0
12420,370.66801410399944,370.66801410399944,0.0,0.0
12480,370.66801410399944,370.66801410399944,0.0,0.0
12540,370.66801410399944,370.66801410399944,0.0,0.0
12600,370.66801410399944,370.66801410399944,0.0,0.0
12660,370.66801410399944,370.66801410399944,0.0,0.0
12720,370.66801410399944,370.66801410399944,0.0,0.0
12780,370.66801410399944,370.66801410399944,0.0,0.0
12840,370.66801410399944,370.66801410399944,0.0,0.0
12900,370.66801410399944,370.66801410399944,0.0,0.0
12960,370.66801410399944,370.66801410399944,0.0,0.0
13020,370.66801410399944,370.66801410399944,0.0,0.0
13080,370.66801410399944,370.66801410399944,0.0,0.0
13140,370.66801410399944,370.66801410399944,0.0,0.0
13200,370.66801410399944,370.66801410399944,0.0,0.0
13260,370.66801410399944,370.66801410399944,0.0,0.0
13320,370.66801410399944,370.66801410399944,0.0,0.0
13380,370.66801410399944,370.66801410399944,0.0,0.0
13440,370.66801410399944,370.66801410399944,0.0,0.0
13500,370.66801410399944,370.66801410399944,0.0,0.0
13560,370.66801410399944,370.66801410399944,0.0,0.0
13620,370.66801410399944,370.66801410399944,0.0,0.0
13680,370.6063637039994,370.66801410399944,0.0,0.0
13740,370.6063637039994,370.38836370399946,0.0,-0.21799999999998762
13800,370.6063637039994,366.37716370399943,0.0,-4.229199999999995
13860,370.6063637039994,366.96140370399945,0.0,-3.644959999999994
13920,370.59752770399945,370.0308437039994,0.0,-0.5755200000000219
13980,370.59752770399945,370.84430770399945,0.0,0.2467800000000196
14040,370.59752770399945,369.57811770399945,0.0,-1.0194100000000048
14100,370.59752770399945,367.5542077039994,0.0,-3.0433200000000347
14160,370.59752770399945,367.16537770399947,0.0,-3.4321499999999783
14220,370.59752770399945,367.3548077039994,0.0,-3.242719999999995
14280,370.59752770399945,367.71372770399944,0.0,-2.8837999999999813
14340,380.75174595399943,370.07661770399943,0.0,-0.5209100000000332
14400,380.75174595399943,380.75174595399943,0.0,0.0
14460,380.75174595399943,380.75174595399943,0.0,0.0
14520,380.75174595399943,380.75174595399943,0.0,0.0
14580,380.75174595399943,380.75174595399943,0.0,0.0
14640,380.75174595399943,380.75174595399943,0.0,0.0
14700,380.75174595399943,380.75174595399943,0.0,0.0
14760,380.75174595399943,380.75174595399943,0.0,0.0
14820,380.75174595399943,380.75174595399943,0.0,0.0
14880,380.75174595399943,380.75174595399943,0.0,0.0
14940,380.75174595399943,380.75174595399943,0.0,0.0
15000,380.75174595399943,380.75174595399943,0.0,0.0
15060,380.75174595399943,380.75174595399943,0.0,0.0
15120,380.75174595399943,380.75174595399943,0.0,0.0
15180,380.75174595399943,380.75174595399943,0.0,0.0
15240,380.75174595399943,380.75174595399943,0.0,0.0
15300,380.75174595399943,380.75174595399943,0.0,0.0
15360,380.75174595399943,380.75174595399943,0.0,0.0
15420,380.75174595399943,380.75174595399943,0.0,0.0
15480,380.75174595399943,380.75174595399943,0.0,0.0
15540,380.75174595399943,380.75174595399943,0.0,0.0
15600,380.75174595399943,380.75174595399943,0.0,0.0
15660,380.75174595399943,380.75174595399943,0.0,0.0
15720,380.75174595399943,380.75174595399943,0.0,0.0
15780,380.75174595399943,380.75174595399943,0.0,0.0
15840,380.75174595399943,380.75174595399943,0.0,0.0
15900,380.75174595399943,380.75174595399943,0.0,0.0
15960,380.75174595399943,380.75174595399943,0.0,0.0
16020,380.75174595399943,380.75174595399943,0.0,0.0
16080,380.68837480199943,380.75174595399943,0.0,0.0
16140,380.6793630579994,382.82165480199944,0.0,2.1332800000000054
16200,380.6793630579994,382.5278430579994,0.0,1.8484799999999837
16260,380.6793630579994,381.72880305799936,0.0,1.0494399999999748
16320,391.10659981799944,385.7149230579994,0.0,5.035559999999975
16380,391.10659981799944,391.10659981799944,0.0,0.0
16440,391.10659981799944,391.10659981799944,0.0,0.0
16500,391.10659981799944,391.10659981799944,0.0,0.0
16560,391.10659981799944,391.10659981799944,0.0,0.0
16620,391.10659981799944,391.10659981799944,0.0,0.0
16680,391.10659981799944,391.10659981799944,0.0,0.0
16740,391.0322302519994,391.10659981799944,0.0,0.0
16800,391.0322302519994,392.8774702519994,0.0,1.8452399999999665
16860,391.0322302519994,396.6778002519994,0.0,5.645569999999939
16920,391.0322302519994,395.92499025199936,0.0,4.892759999999953
16980,401.74396303399936,400.0609102519994,0.0,9.028679999999982
17040,401.74396303399936,401.74396303399936,0.0,0.0
17100,401.74396303399936,401.74396303399936,0.0,0.0
17160,401.74396303399936,401.74396303399936,0.0,0.0
17220,401.67711204199935,401.74396303399936,0.0,0.0
17280,401.67711204199935,402.45699204199934,0.0,0.7798800000000105
17340,401.67711204199935,400.0289120419994,0.0,-1.6481999999999861
17400,412.65609800199945,404.4911120419994,0.0,2.814000000000011
17460,412.65609800199945,412.65609800199945,0.0,0.0
17520,412.65609800199945,412.65609800199945,0.0,0.0
17580,412.65609800199945,412.65609800199945,0.0,0.0
17640,412.65609800199945,412.65609800199945,0.0,0.0
17700,412.5874742579995,412.65609800199945,0.0,0.0
17760,412.5874742579995,414.5849942579995,0.0,1.9975200000000177
17820,412.5874742579995,416.55003425799947,0.0,3.962559999999996
17880,412.5874742579995,414.3251542579995,0.0,1.7376799999999888
17940,412.5874742579995,412.0840342579995,0.0,-0.5034399999999806
18000,412.57769937399945,402.3562742579995,0.0,-10.231199999999983
18060,412.57769937399945,407.4645593739995,0.0,-5.1131399999999125
18120,412.4929465299995,404.1909593739995,0.0,-8.386739999999948
18180,412.4929465299995,397.65478652999957,0.0,-14.838159999999899
18240,412.4929465299995,413.7006665299996,0.0,1.2077200000001052
18300,412.4929465299995,409.6744665299996,0.0,-2.8184799999998615
18360,412.4929465299995,416.8627065299996,0.0,4.369760000000132
18420,412.4929465299995,424.69906652999947,0.0,12.206120000000011
18480,412.4929465299995,415.33078652999956,0.0,2.837840000000074
18540,412.4929465299995,414.60410652999957,0.0,2.1111600000000927
18600,412.4929465299995,415.6450265299995,0.0,3.1520800000000393
18660,412.4929465299995,411.0689065299996,0.0,-1.4240399999999016
18720,412.31697926599946,399.36346652999947,0.0,-13.129479999999974
18780,412.31697926599946,393.2724592659992,0.0,-19.044520000000276
18840,412.31697926599946,412.18277926599933,0.0,-0.13420000000014837
18900,457.5294683859992,429.18547926599916,0.0,16.86849999999971
18960,457.5294683859992,457.5294683859992,0.0,0.0
19020,457.5294683859992,457.5294683859992,0.0,0.0
19080,457.5294683859992,457.5294683859992,0.0,0.0
19140,457.5294683859992,457.5294683859992,0.0,0.0
19200,457.5294683859992,457.5294683859992,0.0,0.0
19260,457.4424961719992,457.5294683859992,0.0,0.0
19320,457.4424961719992,454.22334617199925,0.0,-3.219149999999941
19380,457.3484797919992,453.0400261719992,0.0,-4.402469999999986
19440,457.3484797919992,440.36278979199926,0.0,-16.98568999999989
19500,441.9759413646596,453.40518979199925,0.0,-3.943289999999916
19560,437.4283193077436,352.8861796919998,0.0,-89.08976167265982
19620,420.65604490438824,311.4470289679999,0.0,-125.98129033974371
19680,407.1656294833823,392.5148274299998,0.0,-28.14121747438846
19740,426.1949463072925,432.2763376259999,0.0,25.11070814261756
19800,464.3761401679998,443.1058434599997,0.0,16.910897152707168
19860,464.2989063679998,464.3761401679998,0.0,0.0
19920,464.2989063679998,464.0007063679998,0.0,-0.2982000000000113
19980,476.99176548399976,464.80584636799983,0.0,0.5069400000000192
20040,476.99176548399976,476.99176548399976,0.0,0.0
20100,476.99176548399976,476.99176548399976,0.0,0.0
20160,476.99176548399976,476.99176548399976,0.0,0.0
20220,476.99176548399976,476.99176548399976,0.0,0.0
20280,476.99176548399976,476.99176548399976,0.0,0.0
20340,476.91244284399977,476.99176548399976,0.0,0.0
20400,489.95144281999984,474.4099928439998,0.0,-2.502449999999952
20460,489.95144281999984,489.95144281999984,0.0,0.0
20520,489.95144281999984,489.95144281999984,0.0,0.0
20580,489.95144281999984,489.95144281999984,0.0,0.0
20640,489.85831904399987,489.95144281999984,0.0,0.0
20700,489.85831904399987,494.70009904399996,0.0,4.841780000000073
20760,503.27769222799986,500.87223904399985,0.0,11.013920000000004
20820,503.27769222799986,503.27769222799986,0.0,0.0
20880,503.27769222799986,503.27769222799986,0.0,0.0
20940,503.27769222799986,503.27769222799986,0.0,0.0
21000,503.27769222799986,503.27769222799986,0.0,0.0
21060,503.27769222799986,503.27769222799986,0.0,0.0
21120,503.27769222799986,503.27769222799986,0.0,0.0
21180,503.27769222799986,503.27769222799986,0.0,0.0
21240,503.27769222799986,503.27769222799986,0.0,0.0
21300,503.27769222799986,503.27769222799986,0.0,0.0
21360,503.27769222799986,503.27769222799986,0.0,0.0
21420,503.27769222799986,503.27769222799986,0.0,0.0
21480,503.27769222799986,503.27769222799986,0.0,0.0
21540,503.27769222799986,503.27769222799986,0.0,0.0
21600,503.19393802399986,503.27769222799986,0.0,0.0
21660,503.19393802399986,502.42861802399983,0.0,-0.7653200000000052
21720,503.19393802399986,495.82269802399986,0.0,-7.371239999999993
21780,503.18201367199987,499.2162880239999,0.0,-3.97764999999996
21840,503.18201367199987,502.4081936719998,0.0,-0.7738200000000387
21900,503.0785563919999,493.59153367199974,0.0,-9.5904800000001
21960,502.8637057339999,488.40511639199985,0.0,-14.673440000000042
22020,502.8637057339999,502.29261573400004,0.0,-0.5710899999998666
22080,502.8637057339999,469.33233573399986,0.0,-33.531370000000024
22140,478.26104539590295,470.87253573399994,0.0,-31.991169999999965
22200,478.26104539590295,450.0775381579997,0.0,-28.183507237903235
22260,478.26104539590295,493.5489181579995,0.0,15.287872762096521
22320,478.26104539590295,506.7099781579995,0.0,28.448932762096547
22380,478.26104539590295,516.6140081579996,0.0,38.35296276209661
22440,546.6759868739995,523.9257081579996,0.0,45.66466276209657
22500,546.6759868739995,546.6759868739995,0.0,0.0
22560,546.6759868739995,546.6759868739995,0.0,0.0
22620,546.6759868739995,546.6759868739995,0.0,0.0
22680,546.5850103799995,546.6759868739995,0.0,0.0
22740,561.5415577519996,550.8979903799996,0.0,4.312980000000001
22800,561.5415577519996,561.5415577519996,0.0,0.0
22860,561.5415577519996,561.5415577519996,0.0,0.0
22920,561.4481593279995,561.5415577519996,0.0,0.0
22980,561.4481593279995,561.6118193279996,0.0,0.1636600000000339
23040,561.4481593279995,564.4758693279995,0.0,3.027710000000004
23100,561.4481593279995,563.6575693279996,0.0,2.2094100000000005
23160,561.4481593279995,563.9264393279994,0.0,2.4782799999999554
23220,561.4348098379995,562.8509593279995,0.0,1.40279999999997
23280,561.4348098379995,567.4182998379996,0.0,5.983490000000021
23340,576.8065356099995,576.0626198379995,0.0,14.627809999999968
23400,576.8065356099995,576.8065356099995,0.0,0.0
23460,576.8065356099995,576.8065356099995,0.0,0.0
23520,576.8065356099995,576.8065356099995,0.0,0.0
23580,576.8065356099995,576.8065356099995,0.0,0.0
23640,576.7105594659995,576.8065356099995,0.0,0.0
23700,576.6968741499995,577.1144794659995,0.0,0.4039199999999872
23760,576.6968741499995,581.4463741499995,0.0,4.749500000000068
23820,576.6968741499995,586.5818241499995,0.0,9.884950000000037
23880,576.6968741499995,587.7064741499995,0.0,11.009600000000017
23940,592.4987297499996,580.1862241499996,0.0,3.48935000000002
24000,592.4987297499996,592.4987297499996,0.0,0.0
24060,592.4987297499996,592.4987297499996,0.0,0.0
24120,592.4987297499996,592.4987297499996,0.0,0.0
24180,592.4987297499996,592.4987297499996,0.0,0.0
24240,592.4987297499996,592.4987297499996,0.0,0.0
24300,592.4987297499996,592.4987297499996,0.0,0.0
24360,592.4987297499996,592.4987297499996,0.0,0.0
24420,592.4987297499996,592.4987297499996,0.0,0.0
24480,592.4001757179996,592.4987297499996,0.0,0.0
24540,606.6548304699995,604.3102357179996,0.0,11.910060000000017
24600,606.6548304699995,606.6548304699995,0.0,0.0
24660,606.6548304699995,606.6548304699995,0.0,0.0
24720,606.6548304699995,606.6548304699995,0.0,0.0
24780,606.6548304699995,606.6548304699995,0.0,0.0
24840,606.6548304699995,606.6548304699995,0.0,0.0
24900,606.6548304699995,606.6548304699995,0.0,0.0
24960,606.6548304699995,606.6548304699995,0.0,0.0
25020,606.5539319579996,606.6548304699995,0.0,0.0
25080,606.5539319579996,610.1117719579996,0.0,3.5578399999999992
25140,606.5539319579996,605.4213719579996,0.0,-1.1325599999999616
25200,606.5394774399996,602.1380919579996,0.0,-4.4158399999999505
25260,608.5549619615254,592.2326574399996,0.0,-14.306819999999986
25320,667.6140191941631,626.0130027319993,0.0,17.458040770473957
25380,667.6140191941631,681.9673991779991,0.0,14.353379983836064
25440,695.1590911279992,671.2026491779992,0.0,3.588629983836041
25500,695.1590911279992,695.1590911279992,0.0,0.0
25560,695.1590911279992,695.1590911279992,0.0,0.0
25620,695.0434627759992,695.1590911279992,0.0,0.0
25680,695.0434627759992,695.2341427759992,0.0,0.19068000000003948
25740,695.0434627759992,695.0298427759992,0.0,-0.013619999999968256
25800,695.0434627759992,689.3230627759991,0.0,-5.720400000000023
25860,695.0434627759992,674.0822827759991,0.0,-20.96118000000002
25920,695.0434627759992,670.9769227759991,0.0,-24.06654000000004
25980,695.0434627759992,665.6515027759991,0.0,-29.391960000000015
26040,695.0434627759992,669.8328427759992,0.0,-25.210619999999984
26100,694.8864144759992,664.6708627759992,0.0,-30.372599999999956
26160,694.5922269199992,669.7951144759995,0.0,-25.0912999999997
26220,687.4521765562946,605.3672269199993,0.0,-89.22499999999995
26280,652.5446837380323,634.4229216079989,0.0,-53.0292549482957
26340,652.5446837380323,641.000135211999,0.0,-11.544548526033322
26400,745.7145104139994,620.1887752119993,0.0,-32.355908526033026
26460,745.7145104139994,745.7145104139994,0.0,0.0
26520,745.5904635599994,745.7145104139994,0.0,0.0
26580,745.5727613739995,747.7059135599994,0.0,2.115449999999969
26640,745.5727613739995,755.0292613739994,0.0,9.456499999999924
26700,745.5727613739995,756.0674613739994,0.0,10.494699999999922
26760,745.5727613739995,748.5136613739994,0.0,2.9408999999999748
26820,745.5727613739995,755.1366613739993,0.0,9.56389999999993
26880,745.5727613739995,758.3049613739994,0.0,12.73219999999992
26940,745.5727613739995,755.6199613739994,0.0,10.047199999999947
27000,765.9814014339995,755.5841613739995,0.0,10.01140000000003
27060,765.9814014339995,765.9814014339995,0.0,0.0
27120,765.9814014339995,765.9814014339995,0.0,0.0
27180,765.9814014339995,765.9814014339995,0.0,0.0
27240,765.9814014339995,765.9814014339995,0.0,0.0
27300,765.8540092239995,765.9814014339995,0.0,0.0
27360,765.8540092239995,758.9403892239995,0.0,-6.91361999999996
27420,765.8540092239995,751.6285192239994,0.0,-14.225490000000011
27480,765.8540092239995,749.1275092239995,0.0,-16.726499999999955
27540,807.4535286699997,732.3054292239995,0.0,-33.54858000000002
27600,807.3191697579997,807.4535286699997,0.0,0.0
27660,807.3191697579997,815.2506897579997,0.0,7.931519999999932
27720,807.3191697579997,803.4830097579996,0.0,-3.8361600000000227
27780,807.3000221019997,799.1284497579996,0.0,-8.190720000000065
27840,807.3000221019997,801.7904021019996,0.0,-5.50962000000019
27900,807.1341293739997,798.7899221019995,0.0,-8.510100000000211
27960,807.1341293739997,805.2312493739996,0.0,-1.9028800000000679
28020,807.1341293739997,818.6522093739994,0.0,11.518079999999749
28080,851.4841544059997,836.0744493739994,0.0,28.94031999999972
28140,851.4841544059997,851.4841544059997,0.0,0.0
28200,851.3425009219997,851.4841544059997,0.0,0.0
28260,851.3425009219997,855.6819709219996,0.0,4.339469999999904
28320,851.3425009219997,845.7396409219996,0.0,-5.602860000000081
28380,851.3425009219997,848.2481109219996,0.0,-3.0943900000000735
28440,851.3223107299997,833.5268709219997,0.0,-17.81562999999998
28500,851.3223107299997,844.9707807299997,0.0,-6.351530000000025
28560,851.3223107299997,836.2555807299996,0.0,-15.066730000000106
28620,851.3223107299997,837.1145307299996,0.0,-14.207780000000025
28680,851.1473702239997,840.5293807299996,0.0,-10.792930000000094
28740,851.1473702239997,846.1787002239997,0.0,-4.96866999999996
28800,851.1473702239997,867.9447802239996,0.0,16.79740999999992
28860,851.1473702239997,830.7389402239995,0.0,-20.408430000000127
28920,850.7840873999997,840.0293402239996,0.0,-11.118030000000088
28980,850.7840873999997,821.5625773999998,0.0,-29.22151000000002
29040,850.7840873999997,788.8655773999996,0.0,-61.918510000000154
29100,816.3964139841133,756.3554173999997,0.0,-94.42867000000005
29160,816.3964139841133,783.8467237399992,0.0,-32.549690244114124
29220,854.4483067200887,761.491323739999,0.0,-54.905090244114405
29280,854.4483067200887,867.8017520279996,0.0,13.353445307910828
29340,854.4483067200887,821.510752027999,0.0,-32.937554692089634
29400,854.4483067200887,829.2129520279993,0.0,-25.23535469208934
29460,854.4483067200887,795.2143520279996,0.0,-59.233954692089156
29520,854.4483067200887,825.8675520279994,0.0,-28.580754692089286
29580,854.4483067200887,853.1753520279993,0.0,-1.2729546920893569
29640,854.4483067200887,847.0291520279993,0.0,-7.419154692089405
29700,854.4483067200887,820.8105520279996,0.0,-33.63775469208911
29760,854.4483067200887,843.5281520279991,0.0,-10.920154692089538
29820,854.4483067200887,834.4255520279994,0.0,-20.02275469208933
29880,835.8294066563584,772.1077520279991,0.0,-82.34055469208948
29940,835.8294066563584,785.3136273639982,0.0,-50.51577929236025
30000,918.6845544050279,894.5748573639986,0.0,58.74545070764022
30060,957.3529442479983,949.6419020479984,0.0,30.957347642970433
30120,957.3529442479983,957.3529442479983,0.0,0.0
30180,957.3529442479983,957.3529442479983,0.0,0.0
30240,957.3529442479983,957.3529442479983,0.0,0.0
30300,957.3529442479983,957.3529442479983,0.0,0.0
30360,957.3529442479983,957.3529442479983,0.0,0.0
30420,957.1936975519983,957.3529442479983,0.0,0.0
30480,957.1936975519983,953.5447375519983,0.0,-3.6489599999999838
30540,957.1936975519983,939.7959775519982,0.0,-17.397720000000042
30600,957.1936975519983,913.8188575519983,0.0,-43.37483999999999
30660,956.5806604499982,898.6148575519984,0.0,-58.5788399999999
30720,956.5806604499982,915.6967104499992,0.0,-40.88394999999903
30780,956.5806604499982,934.477430449999,0.0,-22.103229999999115
30840,956.5806604499982,974.9454104499993,0.0,18.3647500000011
30900,913.9171565591615,913.4609104499988,0.0,-43.119749999999385
30960,912.0510784426102,883.7384987559988,0.0,-28.312579686611425
31020,912.0510784426102,828.7643387559988,0.0,-83.28673968661141
31080,912.0510784426102,806.0062187559982,0.0,-106.04485968661193
31140,912.0510784426102,976.1009987559988,0.0,64.04992031338857
31200,954.4377216004615,991.765678755999,0.0,79.71460031338881
31260,954.4377216004615,1022.073573747999,0.0,67.63585214753752
31320,954.4377216004615,1002.6647437479987,0.0,48.227022147537234
31380,1042.2538633319984,1034.5028737479986,0.0,80.06515214753708
31440,1042.2538633319984,1042.2538633319984,0.0,0.0
31500,1042.2538633319984,1042.2538633319984,0.0,0.0
31560,1042.2538633319984,1042.2538633319984,0.0,0.0
31620,1042.2538633319984,1042.2538633319984,0.0,0.0
31680,1042.2538633319984,1042.2538633319984,0.0,0.0
31740,1042.2538633319984,1042.2538633319984,0.0,0.0
31800,1042.2538633319984,1042.2538633319984,0.0,0.0
31860,1042.0804875919985,1042.2538633319984,0.0,0.0
31920,1042.0804875919985,1029.1288875919986,0.0,-12.951599999999956
31980,1042.0804875919985,1026.4431875919986,0.0,-15.63729999999994
32040,1041.8427937859985,1008.2958875919985,0.0,-33.78459999999991
32100,1041.3993544259986,995.7177037859988,0.0,-46.125089999999794
32160,1041.3993544259986,984.594344425999,0.0,-56.80500999999958
32220,974.7181831556198,921.2142644259987,0.0,-120.18508999999985
32280,974.7181831556198,913.7590779359986,0.0,-60.95910521962123
32340,1066.4504615839967,871.6927179359988,0.0,-103.02546521962105
32400,1066.4504615839967,1066.4504615839967,0.0,0.0
32460,1066.4504615839967,1066.4504615839967,0.0,0.0
32520,1066.4504615839967,1066.4504615839967,0.0,0.0
32580,1066.4504615839967,1066.4504615839967,0.0,0.0
32640,1066.2477570559965,1066.4504615839967,0.0,0.0
32700,1066.2477570559965,1063.6588770559965,0.0,-2.5888800000000627
32760,1095.4298143999963,1095.4298143999963,0.0,0.0
32820,1095.4298143999963,1095.4298143999963,0.0,0.0
32880,1095.4298143999963,1095.4298143999963,0.0,0.0
32940,1095.4298143999963,1095.4298143999963,0.0,0.0
33000,1095.4298143999963,1095.4298143999963,0.0,0.0
33060,1095.2475567199963,1095.4298143999963,0.0,0.0
33120,1125.2225777119963,1100.7035567199962,0.0,5.455999999999884
33180,1125.2225777119963,1125.2225777119963,0.0,0.0
33240,1125.0353704879963,1125.2225777119963,0.0,0.0
33300,1124.2974253619964,1087.2644104879962,0.0,-37.770959999999974
33360,1247.6137597439965,1093.5316353619967,0.0,-30.76578999999969
33420,1247.4061801439966,1247.6137597439965,0.0,0.0
33480,1281.5063395559966,1244.6765401439964,0.0,-2.7296400000001784
33540,1281.5063395559966,1281.5063395559966,0.0,0.0
33600,1281.5063395559966,1281.5063395559966,0.0,0.0
33660,1281.5063395559966,1281.5063395559966,0.0,0.0
33720,1281.5063395559966,1281.5063395559966,0.0,0.0
33780,1281.5063395559966,1281.5063395559966,0.0,0.0
33840,1281.5063395559966,1281.5063395559966,0.0,0.0
33900,1281.5063395559966,1281.5063395559966,0.0,0.0
33960,1281.5063395559966,1281.5063395559966,0.0,0.0
34020,1281.5063395559966,1281.5063395559966,0.0,0.0
34080,1281.5063395559966,1281.5063395559966,0.0,0.0
34140,1281.5063395559966,1281.5063395559966,0.0,0.0
34200,1281.5063395559966,1281.5063395559966,0.0,0.0
34260,1281.5063395559966,1281.5063395559966,0.0,0.0
34320,1281.5063395559966,1281.5063395559966,0.0,0.0
34380,1281.5063395559966,1281.5063395559966,0.0,0.0
34440,1281.5063395559966,1281.5063395559966,0.0,0.0
34500,1281.5063395559966,1281.5063395559966,0.0,0.0
34560,1281.2931686759966,1281.5063395559966,0.0,0.0
34620,1281.2931686759966,1275.0307686759966,0.0,-6.262400000000093
34680,1281.2627679719967,1266.9747686759968,0.0,-14.318399999999894
34740,1316.337891235997,1276.5910879719968,0.0,-4.671679999999853
34800,1316.118903735997,1316.337891235997,0.0,0.0
34860,1316.118903735997,1312.931403735997,0.0,-3.1874999999998987
34920,1388.0466941019963,1270.650153735997,0.0,-45.46874999999994
34980,1388.0466941019963,1388.0466941019963,0.0,0.0
35040,1388.0466941019963,1388.0466941019963,0.0,0.0
35100,1388.0466941019963,1388.0466941019963,0.0,0.0
35160,1388.0466941019963,1388.0466941019963,0.0,0.0
35220,1388.0466941019963,1388.0466941019963,0.0,0.0
35280,1388.0466941019963,1388.0466941019963,0.0,0.0
35340,1388.0466941019963,1388.0466941019963,0.0,0.0
35400,1387.7828823539965,1388.0466941019963,0.0,0.0
35460,1387.7828823539965,1404.3981523539965,0.0,16.615270000000084
35520,1387.7828823539965,1393.2474523539966,0.0,5.464570000000001
35580,1387.7828823539965,1400.6213023539965,0.0,12.838419999999939
35640,1387.7828823539965,1396.7365423539966,0.0,8.953660000000049
35700,1425.7806267639965,1413.7863223539964,0.0,26.003439999999927
35760,1425.7806267639965,1425.7806267639965,0.0,0.0
35820,1425.5434295679966,1425.7806267639965,0.0,0.0
35880,1425.5096038439965,1436.9815295679966,0.0,11.438100000000128
35940,1425.5096038439965,1438.8962838439968,0.0,13.386680000000343
36000,1425.5096038439965,1405.9225638439968,0.0,-19.5870399999996
36060,1425.5096038439965,1436.764203843997,0.0,11.25460000000035
36120,1425.5096038439965,1432.5735638439967,0.0,7.063960000000191
36180,1425.5096038439965,1431.2869638439968,0.0,5.777360000000316
36240,1464.5332004279967,1460.7317238439969,0.0,35.22212000000039
36300,1464.5332004279967,1464.5332004279967,0.0,0.0
36360,1464.5332004279967,1464.5332004279967,0.0,0.0
36420,1464.5332004279967,1464.5332004279967,0.0,0.0
36480,1464.5332004279967,1464.5332004279967,0.0,0.0
36540,1464.2895738519967,1464.5332004279967,0.0,0.0
36600,1464.2548471639966,1463.9623738519967,0.0,-0.3271999999999349
36660,1464.2548471639966,1468.1086871639968,0.0,3.8538400000001696
36720,1464.2548471639966,1455.7798871639968,0.0,-8.474959999999767
36780,1464.2548471639966,1466.1659671639968,0.0,1.9111200000001844
36840,1464.2548471639966,1473.8621271639965,0.0,9.607280000000033
36900,1504.360335515997,1478.6815671639968,0.0,14.426720000000216
36960,1504.360335515997,1504.360335515997,0.0,0.0
37020,1504.360335515997,1504.360335515997,0.0,0.0
37080,1504.1100371159969,1504.360335515997,0.0,0.0
37140,1504.1100371159969,1501.434837115997,0.0,-2.675199999999943
37200,1504.0743579239968,1505.715157115997,0.0,1.6051200000000607
37260,1504.0743579239968,1521.7881479239968,0.0,17.713790000000007
37320,1504.0743579239968,1507.5963479239967,0.0,3.5219900000000113
37380,1504.0743579239968,1538.3452479239968,0.0,34.27088999999991
37440,1504.0743579239968,1527.7776979239966,0.0,23.703339999999873
37500,1545.299466453997,1535.4458479239968,0.0,31.37148999999989
37560,1545.299466453997,1545.299466453997,0.0,0.0
37620,1545.042369141997,1545.299466453997,0.0,0.0
37680,1545.005710207997,1553.0077291419968,0.0,7.9653599999998175
37740,1545.005710207997,1526.8834802079973,0.0,-18.122229999999817
37800,1545.005710207997,1524.4747802079971,0.0,-20.53093
37860,1544.688177327997,1512.5866802079972,0.0,-32.4190299999999
37920,1544.688177327997,1540.1305473279979,0.0,-4.557629999999004
37980,1544.688177327997,1550.2214673279977,0.0,5.533290000000796
38040,1544.688177327997,1543.3301073279974,0.0,-1.3580699999994656
38100,1544.688177327997,1539.4742273279978,0.0,-5.213949999999223
38160,1544.688177327997,1523.8045873279975,0.0,-20.88358999999943
38220,1544.688177327997,1503.7868273279976,0.0,-40.90134999999941
38280,1544.688177327997,1510.5141073279976,0.0,-34.174069999999354
38340,1544.688177327997,1521.5895073279976,0.0,-23.098669999999515
38400,1544.688177327997,1563.1017473279976,0.0,18.413570000000508
38460,1544.688177327997,1580.2481073279978,0.0,35.55993000000077
38520,1544.688177327997,1554.8157073279976,0.0,10.127530000000581
38580,1544.688177327997,1516.7491473279977,0.0,-27.93902999999931
38640,1544.688177327997,1534.7979473279977,0.0,-9.8902299999994
38700,1544.688177327997,1593.2924673279977,0.0,48.60429000000068
38760,1544.688177327997,1582.627267327998,0.0,37.93909000000105
38820,1544.688177327997,1548.0063873279978,0.0,3.318210000000712
38880,1544.688177327997,1553.0928673279975,0.0,8.404690000000516
38940,1544.688177327997,1538.2436273279977,0.0,-6.44454999999927
39000,1544.688177327997,1533.7314273279978,0.0,-10.956749999999246
39060,1544.688177327997,1567.1217073279981,0.0,22.43353000000105
39120,1544.688177327997,1593.5385873279977,0.0,48.85041000000069
39180,1544.688177327997,1510.350027327998,0.0,-34.33814999999897
39240,1544.688177327997,1509.611667327998,0.0,-35.076509999999
39300,1544.028783087997,1490.2502273279977,0.0,-54.43794999999935
39360,1544.028783087997,1479.050713087997,0.0,-64.97806999999992
39420,1544.028783087997,1497.067673087997,0.0,-46.961110000000055
39480,1620.2130180503477,1592.696153087997,0.0,48.667369999999885
39540,1620.2130180503477,1678.5680458279974,0.0,58.355027777649596
39600,1620.2130180503477,1597.2094858279975,0.0,-23.003532222350238
39660,1620.2130180503477,1566.7000258279977,0.0,-53.51299222235009
39720,1619.4882534503477,1543.5201658279975,0.0,-76.6928522223501
39780,1619.4882534503477,1640.7482212279983,0.0,21.259967777650633
39840,1619.4882534503477,1687.9549012279983,0.0,68.46664777765059
39900,1619.4882534503477,1720.8448012279987,0.0,101.35654777765092
39960,1619.4882534503477,1720.2643912279987,0.0,100.7761377776509
40020,1619.4882534503477,1720.8448012279987,0.0,101.35654777765092
40080,1619.4882534503477,1751.0261212279984,0.0,131.5378677776507
40140,1619.4882534503477,1718.5231612279986,0.0,99.03490777765083
40200,1805.1972722239982,1674.025061227999,0.0,54.53680777765143
40260,1805.1972722239982,1805.1972722239982,0.0,0.0
40320,1805.1972722239982,1805.1972722239982,0.0,0.0
40380,1805.1972722239982,1805.1972722239982,0.0,0.0
40440,1805.1972722239982,1805.1972722239982,0.0,0.0
40500,1805.1972722239982,1805.1972722239982,0.0,0.0
40560,1804.8969339259982,1805.1972722239982,0.0,0.0
40620,1804.8541751659982,1800.563583925998,0.0,-4.333350000000165
40680,1804.8541751659982,1825.263415165998,0.0,20.40923999999981
40740,1804.8541751659982,1801.728415165998,0.0,-3.1257600000001915
40800,1804.8541751659982,1787.513275165998,0.0,-17.340900000000172
40860,1804.8541751659982,1776.4518251659981,0.0,-28.402350000000148
40920,1804.8541751659982,1790.525755165998,0.0,-14.32842000000017
40980,1804.8541751659982,1809.1184051659982,0.0,4.264229999999977
41040,1804.8541751659982,1797.0684851659983,0.0,-7.7856900000000335
41100,1804.8541751659982,1803.281725165998,0.0,-1.5724500000001327
41160,1804.8541751659982,1802.9522351659982,0.0,-1.9019400000000337
41220,1804.8541751659982,1800.0809651659981,0.0,-4.773210000000031
41280,1804.8541751659982,1816.8849551659982,0.0,12.030779999999936
41340,1804.8541751659982,1819.097245165998,0.0,14.243069999999797
41400,1804.8541751659982,1811.989675165998,0.0,7.135499999999975
41460,1804.8541751659982,1824.1808051659982,0.0,19.32662999999999
41520,1804.8541751659982,1817.967565165998,0.0,13.113389999999756
41580,1804.8541751659982,1822.7216351659981,0.0,17.867460000000047
41640,1804.8541751659982,1834.4891351659983,0.0,29.634960000000046
41700,1804.8541751659982,1841.031865165998,0.0,36.17768999999985
41760,1804.8541751659982,1832.6534051659983,0.0,27.799229999999977
41820,1804.8541751659982,1830.4411151659979,0.0,25.58693999999978
41880,1804.8541751659982,1819.662085165998,0.0,14.807909999999818
41940,1804.8541751659982,1811.942605165998,0.0,7.088429999999749
42000,1804.8541751659982,1816.178905165998,0.0,11.32472999999991
42060,1804.8541751659982,1815.1433651659981,0.0,10.289189999999982
42120,1804.8541751659982,1836.7955651659981,0.0,31.941390000000023
42180,1804.8541751659982,1824.274945165998,0.0,19.42076999999977
42240,1854.2820419239981,1844.891605165998,0.0,40.03742999999989
42300,1854.2820419239981,1854.2820419239981,0.0,0.0
42360,1854.2820419239981,1854.2820419239981,0.0,0.0
42420,1854.2820419239981,1854.2820419239981,0.0,0.0
42480,1854.2820419239981,1854.2820419239981,0.0,0.0
42540,1854.2820419239981,1854.2820419239981,0.0,0.0
42600,1854.2820419239981,1854.2820419239981,0.0,0.0
42660,1854.2820419239981,1854.2820419239981,0.0,0.0
42720,1854.2820419239981,1854.2820419239981,0.0,0.0
42780,1854.2820419239981,1854.2820419239981,0.0,0.0
42840,1854.2820419239981,1854.2820419239981,0.0,0.0
42900,1854.2820419239981,1854.2820419239981,0.0,0.0
42960,1854.2820419239981,1854.2820419239981,0.0,0.0
43020,1854.2820419239981,1854.2820419239981,0.0,0.0
43080,1854.2820419239981,1854.2820419239981,0.0,0.0
43140,1854.2820419239981,1854.2820419239981,0.0,0.0
43200,1854.2820419239981,1854.2820419239981,0.0,0.0
43260,1854.2820419239981,1854.2820419239981,0.0,0.0
43320,1854.2820419239981,1854.2820419239981,0.0,0.0
43380,1854.2820419239981,1854.2820419239981,0.0,0.0
43440,1854.2820419239981,1854.2820419239981,0.0,0.0
43500,1854.2820419239981,1854.2820419239981,0.0,0.0
43560,1854.2820419239981,1854.2820419239981,0.0,0.0
43620,1853.973543901998,1854.2820419239981,0.0,0.0
43680,1853.973543901998,1848.599013901998,0.0,-5.3745300000001075
43740,1853.973543901998,1848.801063901998,0.0,-5.172480000000004
43800,1853.973543901998,1850.498283901998,0.0,-3.47525999999994
43860,1853.929609101998,1868.601963901998,0.0,14.628420000000075
43920,1904.7217053279985,1900.5214591019983,0.0,46.591850000000186
43980,1904.7217053279985,1904.7217053279985,0.0,0.0
44040,1904.7217053279985,1904.7217053279985,0.0,0.0
44100,1904.7217053279985,1904.7217053279985,0.0,0.0
44160,1904.7217053279985,1904.7217053279985,0.0,0.0
44220,1904.7217053279985,1904.7217053279985,0.0,0.0
44280,1904.7217053279985,1904.7217053279985,0.0,0.0
44340,1904.7217053279985,1904.7217053279985,0.0,0.0
44400,1904.7217053279985,1904.7217053279985,0.0,0.0
44460,1904.4048358919986,1904.7217053279985,0.0,0.0
44520,1904.4048358919986,1902.7685258919985,0.0,-1.6363100000001565
44580,1904.4048358919986,1916.7769358919986,0.0,12.37210000000009
44640,1904.4048358919986,1907.4379958919985,0.0,3.03316000000002
44700,1904.4048358919986,1911.8280958919986,0.0,7.423259999999997
44760,1904.3596229919985,1912.3070158919986,0.0,7.9021800000000155
44820,1904.3596229919985,1924.6181829919988,0.0,20.258560000000145
44880,1904.3596229919985,1907.4989029919989,0.0,3.139280000000249
44940,1904.3596229919985,1905.541112991999,0.0,1.1814900000002828
45000,1904.3596229919985,1908.1363229919987,0.0,3.7767000000000577
45060,1904.3596229919985,1945.3798629919988,0.0,41.020240000000285
45120,1904.3596229919985,1925.9840829919988,0.0,21.624460000000195
45180,1956.4808418959985,1938.7324829919987,0.0,34.372860000000244
45240,1956.4808418959985,1956.4808418959985,0.0,0.0
45300,1956.1553721359985,1956.4808418959985,0.0,0.0
45360,1956.1553721359985,1963.2371721359984,0.0,7.08179999999998
45420,1956.1553721359985,1938.7764721359986,0.0,-17.378899999999984
45480,1956.1089886559985,1927.6246721359985,0.0,-28.530700000000024
45540,1956.1089886559985,1943.2462486559987,0.0,-12.862739999999913
45600,1956.1089886559985,1944.3629686559987,0.0,-11.746019999999872
45660,1956.1089886559985,1936.4993986559984,0.0,-19.60959000000006
45720,1955.7070155179986,1926.7280986559983,0.0,-29.3808900000001
45780,1955.7070155179986,1887.3701855179988,0.0,-68.33682999999968
45840,1955.7070155179986,1893.1675255179994,0.0,-62.539489999999226
45900,1955.7070155179986,1906.0395855179993,0.0,-49.66742999999921
45960,1955.7070155179986,1904.5656855179993,0.0,-51.141329999999265
46020,1955.7070155179986,1908.9873855179994,0.0,-46.71962999999909
46080,1955.7070155179986,1931.4889255179994,0.0,-24.218089999999172
46140,1955.7070155179986,1947.603565517999,0.0,-8.103449999999723
46200,1955.7070155179986,1939.8410255179995,0.0,-15.865989999999087
46260,1955.7070155179986,1940.921885517999,0.0,-14.785129999999512
46320,1955.7070155179986,1924.5124655179989,0.0,-31.19454999999967
46380,1955.7070155179986,1909.183905517999,0.0,-46.523109999999555
46440,1955.7070155179986,1937.974085517999,0.0,-17.732929999999623
46500,1954.8722252859986,1894.4449055179991,0.0,-61.26210999999941
46560,1831.6848902937986,1789.9416752859984,0.0,-164.93055000000027
46620,1831.6848902937986,1603.5451092159983,0.0,-228.13978107780042
46680,1831.6848902937986,1685.2177492159988,0.0,-146.46714107779985
46740,1831.6848902937986,1617.5154292159982,0.0,-214.16946107780052
46800,1831.6848902937986,1645.1874092159985,0.0,-186.4974810778001
46860,1831.6848902937986,1561.3654892159973,0.0,-270.3194010778014
46920,1831.6848902937986,1567.0073492159975,0.0,-264.67754107780115
46980,1831.6848902937986,1571.5745692159983,0.0,-260.11032107780034
47040,1831.6848902937986,1565.6640492159986,0.0,-266.02084107779996
47100,1831.6848902937986,1694.083529215999,0.0,-137.60136107779954
47160,1831.6848902937986,1668.8294892159988,0.0,-162.85540107779985
47220,1831.6848902937986,1772.5322492159976,0.0,-59.152641077801
47280,1831.6848902937986,1764.4724492159974,0.0,-67.2124410778013
47340,1831.6848902937986,1807.7267092159977,0.0,-23.958181077800937
47400,1831.6848902937986,1916.2653492159986,0.0,84.58045892220001
47460,1831.6848902937986,1919.2206092159975,0.0,87.53571892219884
47520,1831.6848902937986,1968.116729215998,0.0,136.43183892219943
47580,1831.6848902937986,1985.0423092159988,0.0,153.35741892220008
47640,1831.6848902937986,1814.9805292159979,0.0,-16.70436107780066
47700,1831.6848902937986,1870.5931492159982,0.0,38.90825892219954
47760,1916.5339199921648,1996.0573692159978,0.0,164.3724789221992
47820,2097.092989589998,2044.6618812719978,0.0,128.12796127983307
47880,2097.092989589998,2097.092989589998,0.0,0.0
47940,2097.092989589998,2097.092989589998,0.0,0.0
48000,2097.092989589998,2097.092989589998,0.0,0.0
48060,2097.092989589998,2097.092989589998,0.0,0.0
48120,2097.092989589998,2097.092989589998,0.0,0.0
48180,2097.092989589998,2097.092989589998,0.0,0.0
48240,2097.092989589998,2097.092989589998,0.0,0.0
48300,2097.092989589998,2097.092989589998,0.0,0.0
48360,2097.092989589998,2097.092989589998,0.0,0.0
48420,2097.092989589998,2097.092989589998,0.0,0.0
48480,2097.092989589998,2097.092989589998,0.0,0.0
48540,2097.092989589998,2097.092989589998,0.0,0.0
48600,2097.092989589998,2097.092989589998,0.0,0.0
48660,2097.092989589998,2097.092989589998,0.0,0.0
48720,2097.092989589998,2097.092989589998,0.0,0.0
48780,2097.092989589998,2097.092989589998,0.0,0.0
48840,2097.092989589998,2097.092989589998,0.0,0.0
48900,2097.092989589998,2097.092989589998,0.0,0.0
48960,2097.092989589998,2097.092989589998,0.0,0.0
49020,2097.092989589998,2097.092989589998,0.0,0.0
49080,2096.744084949998,2097.092989589998,0.0,0.0
49140,2096.694355053998,2109.082884949998,0.0,12.338800000000054
49200,2096.694355053998,2119.816835053998,0.0,23.122479999999936
49260,2096.694355053998,2102.8623150539984,0.0,6.167960000000237
49320,2096.694355053998,2112.6571550539984,0.0,15.96280000000002
49380,2096.694355053998,2106.690755053998,0.0,9.996400000000147
49440,2096.694355053998,2103.0611950539983,0.0,6.366840000000127
49500,2096.694355053998,2117.3805550539983,0.0,20.686199999999964
49560,2096.694355053998,2123.3469550539985,0.0,26.652600000000188
49620,2096.694355053998,2116.386155053998,0.0,19.69180000000016
49680,2096.694355053998,2115.739795053998,0.0,19.0454399999999
49740,2096.694355053998,2113.7012750539984,0.0,17.006920000000058
49800,2096.694355053998,2100.177435053998,0.0,3.4830800000001356
49860,2096.694355053998,2110.220875053998,0.0,13.526520000000044
49920,2096.694355053998,2069.052715053998,0.0,-27.641640000000102
49980,2096.694355053998,2062.937155053998,0.0,-33.757199999999976
50040,2096.263481187998,2051.6009950539983,0.0,-45.093360000000054
50100,2096.263481187998,2085.642441187998,0.0,-10.621040000000159
50160,2096.263481187998,2024.6432511879982,0.0,-71.62022999999974
50220,2095.368635635998,1981.7023411879977,0.0,-114.56114000000036
50280,2095.368635635998,2046.9028556359983,0.0,-48.46577999999987
50340,2095.368635635998,2091.2448556359986,0.0,-4.123779999999235
50400,2095.368635635998,2096.3441856359996,0.0,0.9755500000014836
50460,2095.368635635998,2119.1803156359983,0.0,23.811680000000248
50520,2095.368635635998,2072.3995056359986,0.0,-22.969129999999424
50580,2095.368635635998,2001.4523056359985,0.0,-93.91632999999949
50640,2095.368635635998,1996.1312656359985,0.0,-99.23736999999969
50700,1981.0537802506767,1876.4078656359986,0.0,-218.9607699999995
50760,1981.0537802506767,1827.3266421779995,0.0,-153.72713807267735
50820,1981.0537802506767,1976.7754921779997,0.0,-4.278288072677116
50880,1981.0537802506767,1983.0861921779992,0.0,2.032411927322445
50940,1981.0537802506767,1925.1424921779997,0.0,-55.91128807267704
51000,1981.0537802506767,2098.1130421780003,0.0,117.05926192732342
51060,1981.0537802506767,2103.850042178001,0.0,122.79626192732431
51120,1981.0537802506767,2183.3074921779994,0.0,202.25371192732257
51180,2178.0618028943563,2233.793092178,0.0,252.73931192732314
51240,2265.485195366,2262.397764424,0.0,84.3359615296437
51300,2265.485195366,2265.485195366,0.0,0.0
51360,2265.485195366,2265.485195366,0.0,0.0
51420,2265.485195366,2265.485195366,0.0,0.0
51480,2265.485195366,2265.485195366,0.0,0.0
51540,2265.485195366,2265.485195366,0.0,0.0
51600,2265.485195366,2265.485195366,0.0,0.0
51660,2265.485195366,2265.485195366,0.0,0.0
51720,2265.485195366,2265.485195366,0.0,0.0
51780,2265.485195366,2265.485195366,0.0,0.0
51840,2265.485195366,2265.485195366,0.0,0.0
51900,2265.485195366,2265.485195366,0.0,0.0
51960,2265.485195366,2265.485195366,0.0,0.0
52020,2265.485195366,2265.485195366,0.0,0.0
52080,2265.485195366,2265.485195366,0.0,0.0
52140,2265.485195366,2265.485195366,0.0,0.0
52200,2265.108333606,2265.485195366,0.0,0.0
52260,2265.108333606,2271.303533606,0.0,6.195200000000005
52320,2265.108333606,2247.442333606,0.0,-17.666000000000096
52380,2265.108333606,2250.781933606,0.0,-14.32639999999997
52440,2265.108333606,2246.619533606,0.0,-18.488800000000243
52500,2265.0545494860003,2262.204333606,0.0,-2.90400000000011
52560,2265.0545494860003,2267.750949486,0.0,2.6963999999995996
52620,2265.0545494860003,2280.857049486,0.0,15.802499999999704
52680,2265.0545494860003,2270.903049486,0.0,5.848499999999719
52740,2265.0545494860003,2275.105849486,0.0,10.051299999999747
52800,2265.0545494860003,2290.147449486,0.0,25.092899999999663
52860,2265.0545494860003,2272.949149486,0.0,7.894599999999666
52920,2265.0545494860003,2286.884749486,0.0,21.8301999999998
52980,2265.0545494860003,2277.262549486,0.0,12.207999999999828
53040,2265.0545494860003,2264.322349486,0.0,-0.7322000000002681
53100,2265.0545494860003,2260.285449486,0.0,-4.76910000000029
53160,2265.0545494860003,2247.6770494859998,0.0,-17.377500000000374
53220,2265.0545494860003,2257.243949486,0.0,-7.810600000000274
53280,2265.0545494860003,2270.073549486,0.0,5.0189999999996875
53340,2265.0545494860003,2264.5988494860003,0.0,-0.45570000000012667
53400,2265.0545494860003,2262.7186494860002,0.0,-2.3359000000000667
53460,2265.0545494860003,2287.382449486,0.0,22.32789999999982
53520,2265.0545494860003,2294.4055494860004,0.0,29.350999999999953
53580,2265.0545494860003,2281.244149486,0.0,16.189599999999587
53640,2265.0545494860003,2287.382449486,0.0,22.32789999999982
53700,2265.0545494860003,2294.7926494860003,0.0,29.738099999999836
53760,2265.0545494860003,2282.737249486,0.0,17.68269999999964
53820,2265.0545494860003,2284.285649486,0.0,19.23109999999957
53880,2265.0545494860003,2296.7834494860003,0.0,31.728899999999914
53940,2265.0545494860003,2312.378049486,0.0,47.32349999999972
54000,2265.0545494860003,2324.544049486,0.0,59.48949999999965
54060,2265.0545494860003,2311.106149486,0.0,46.05159999999993
54120,2265.0545494860003,2307.622249486,0.0,42.567699999999796
54180,2265.0545494860003,2300.488549486,0.0,35.43399999999992
54240,2327.0871084660002,2317.908049486,0.0,52.8534999999998
54300,2327.0871084660002,2327.0871084660002,0.0,0.0
54360,2327.0871084660002,2327.0871084660002,0.0,0.0
54420,2327.0871084660002,2327.0871084660002,0.0,0.0
54480,2327.0871084660002,2327.0871084660002,0.0,0.0
54540,2327.0871084660002,2327.0871084660002,0.0,0.0
54600,2327.0871084660002,2327.0871084660002,0.0,0.0
54660,2327.0871084660002,2327.0871084660002,0.0,0.0
54720,2327.0871084660002,2327.0871084660002,0.0,0.0
54780,2327.0871084660002,2327.0871084660002,0.0,0.0
54840,2327.0871084660002,2327.0871084660002,0.0,0.0
54900,2327.0871084660002,2327.0871084660002,0.0,0.0
54960,2327.0871084660002,2327.0871084660002,0.0,0.0
55020,2327.0871084660002,2327.0871084660002,0.0,0.0
55080,2326.699983378,2327.0871084660002,0.0,0.0
55140,2326.699983378,2332.385583378,0.0,5.685599999999747
55200,2326.6448034620003,2308.8521433779997,0.0,-17.847840000000208
55260,2326.6448034620003,2334.7337834620007,0.0,8.088980000000248
55320,2326.6448034620003,2284.4932834620004,0.0,-42.151519999999785
55380,2326.6448034620003,2277.549933462001,0.0,-49.094869999999645
55440,2326.6448034620003,2274.2758334620007,0.0,-52.36896999999964
55500,2326.6448034620003,2298.662233462,0.0,-27.982569999999917
55560,2326.6448034620003,2306.3394334620007,0.0,-20.30536999999976
55620,2326.1666601260004,2288.8399334620003,0.0,-37.80486999999989
55680,2325.1737188600005,2230.539800126001,0.0,-95.6268599999995
55740,2325.1737188600005,2182.867808860002,0.0,-142.30590999999865
55800,2325.1737188600005,2140.8272288600015,0.0,-184.34648999999905
55860,2325.1737188600005,2116.911928860002,0.0,-208.26178999999877
55920,2325.1737188600005,2172.042988860002,0.0,-153.13072999999847
55980,2325.1737188600005,2275.256388860001,0.0,-49.917329999999325
56040,2325.1737188600005,2267.4524488600014,0.0,-57.72126999999902
56100,2325.1737188600005,2299.6751688600016,0.0,-25.498549999998996
56160,2325.1737188600005,2367.1414888600016,0.0,41.967770000001174
56220,2325.1737188600005,2377.2110888600014,0.0,52.03737000000096
56280,2325.1737188600005,2385.015028860001,0.0,59.84131000000066
56340,2325.1737188600005,2376.959348860002,0.0,51.78563000000155
56400,2325.1737188600005,2328.1217888600013,0.0,2.9480700000008895
56460,2325.1737188600005,2244.0406288600007,0.0,-81.13308999999991
56520,2325.1737188600005,2279.787708860001,0.0,-45.38600999999915
56580,2325.1737188600005,2477.907088860001,0.0,152.7333700000006
56640,2570.5299039299202,2519.1924488600016,0.0,194.01873000000097
56700,2570.5299039299202,2578.0616263320017,0.0,7.531722402081537
56760,2570.5299039299202,2577.671476332002,0.0,7.141572402081523
56820,2570.5299039299202,2576.093536332002,0.0,5.5636324020815655
56880,2570.5299039299202,2576.336296332002,0.0,5.8063924020815545
56940,2570.5299039299202,2577.194626332002,0.0,6.664722402081525
57000,2580.308649306002,2578.503796332002,0.0,7.973892402081554
57060,2580.308649306002,2580.308649306002,0.0,0.0
57120,2580.308649306002,2580.308649306002,0.0,0.0
57180,2580.308649306002,2580.308649306002,0.0,0.0
57240,2580.308649306002,2580.308649306002,0.0,0.0
57300,2580.308649306002,2580.308649306002,0.0,0.0
57360,2580.308649306002,2580.308649306002,0.0,0.0
57420,2580.308649306002,2580.308649306002,0.0,0.0
57480,2580.308649306002,2580.308649306002,0.0,0.0
57540,2580.308649306002,2580.308649306002,0.0,0.0
57600,2580.308649306002,2580.308649306002,0.0,0.0
57660,2580.308649306002,2580.308649306002,0.0,0.0
57720,2580.308649306002,2580.308649306002,0.0,0.0
57780,2580.308649306002,2580.308649306002,0.0,0.0
57840,2580.308649306002,2580.308649306002,0.0,0.0
57900,2580.308649306002,2580.308649306002,0.0,0.0
57960,2580.308649306002,2580.308649306002,0.0,0.0
58020,2580.308649306002,2580.308649306002,0.0,0.0
58080,2580.308649306002,2580.308649306002,0.0,0.0
58140,2580.308649306002,2580.308649306002,0.0,0.0
58200,2580.308649306002,2580.308649306002,0.0,0.0
58260,2580.308649306002,2580.308649306002,0.0,0.0
58320,2580.308649306002,2580.308649306002,0.0,0.0
58380,2580.308649306002,2580.308649306002,0.0,0.0
58440,2580.308649306002,2580.308649306002,0.0,0.0
58500,2580.308649306002,2580.308649306002,0.0,0.0
58560,2580.308649306002,2580.308649306002,0.0,0.0
58620,2580.308649306002,2580.308649306002,0.0,0.0
58680,2580.308649306002,2580.308649306002,0.0,0.0
58740,2580.308649306002,2580.308649306002,0.0,0.0
58800,2580.308649306002,2580.308649306002,0.0,0.0
58860,2580.308649306002,2580.308649306002,0.0,0.0
58920,2580.308649306002,2580.308649306002,0.0,0.0
58980,2579.879358864002,2580.308649306002,0.0,0.0
59040,2579.879358864002,2593.840788864002,0.0,13.961430000000158
59100,2579.879358864002,2596.246128864002,0.0,16.366770000000123
59160,2579.818214928002,2575.3301288640023,0.0,-4.549229999999801
59220,2579.818214928002,2604.433624928002,0.0,24.615409999999983
59280,2579.818214928002,2594.829974928002,0.0,15.011759999999901
59340,2650.455962068002,2620.061924928002,0.0,40.24371000000001
59400,2650.455962068002,2650.455962068002,0.0,0.0
59460,2650.455962068002,2650.455962068002,0.0,0.0
59520,2650.455962068002,2650.455962068002,0.0,0.0
59580,2650.455962068002,2650.455962068002,0.0,0.0
59640,2650.455962068002,2650.455962068002,0.0,0.0
59700,2650.455962068002,2650.455962068002,0.0,0.0
59760,2650.455962068002,2650.455962068002,0.0,0.0
59820,2650.455962068002,2650.455962068002,0.0,0.0
59880,2650.455962068002,2650.455962068002,0.0,0.0
59940,2650.455962068002,2650.455962068002,0.0,0.0
60000,2650.455962068002,2650.455962068002,0.0,0.0
60060,2650.455962068002,2650.455962068002,0.0,0.0
60120,2650.455962068002,2650.455962068002,0.0,0.0
60180,2650.455962068002,2650.455962068002,0.0,0.0
60240,2650.455962068002,2650.455962068002,0.0,0.0
60300,2650.455962068002,2650.455962068002,0.0,0.0
60360,2650.455962068002,2650.455962068002,0.0,0.0
60420,2650.455962068002,2650.455962068002,0.0,0.0
60480,2650.455962068002,2650.455962068002,0.0,0.0
60540,2650.455962068002,2650.455962068002,0.0,0.0
60600,2650.455962068002,2650.455962068002,0.0,0.0
60660,2650.455962068002,2650.455962068002,0.0,0.0
60720,2650.455962068002,2650.455962068002,0.0,0.0
60780,2650.455962068002,2650.455962068002,0.0,0.0
60840,2650.455962068002,2650.455962068002,0.0,0.0
60900,2650.455962068002,2650.455962068002,0.0,0.0
60960,2650.455962068002,2650.455962068002,0.0,0.0
61020,2650.455962068002,2650.455962068002,0.0,0.0
61080,2650.455962068002,2650.455962068002,0.0,0.0
61140,2650.015014742002,2650.455962068002,0.0,0.0
61200,2649.952136396002,2642.075774742002,0.0,-7.939240000000071
61260,2649.952136396002,2679.3211763960016,0.0,29.369039999999792
61320,2649.952136396002,2673.4104963960017,0.0,23.458359999999832
61380,2649.952136396002,2685.176616396002,0.0,35.224479999999886
61440,2649.952136396002,2692.247336396002,0.0,42.29519999999989
61500,2649.952136396002,2692.744496396002,0.0,42.79235999999991
61560,2649.952136396002,2685.563296396002,0.0,35.61115999999977
61620,2649.952136396002,2684.5689763960017,0.0,34.61683999999973
61680,2722.497577948002,2696.224616396002,0.0,46.272480000000044
61740,2722.497577948002,2722.497577948002,0.0,0.0
61800,2722.497577948002,2722.497577948002,0.0,0.0
61860,2722.497577948002,2722.497577948002,0.0,0.0
61920,2722.497577948002,2722.497577948002,0.0,0.0
61980,2722.497577948002,2722.497577948002,0.0,0.0
62040,2722.044690548002,2722.497577948002,0.0,0.0
62100,2721.9800863880023,2705.237690548002,0.0,-16.807000000000173
62160,2721.9800863880023,2724.480696388002,0.0,2.500609999999754
62220,2721.9800863880023,2701.3485663880024,0.0,-20.631520000000062
62280,2721.9800863880023,2705.773356388002,0.0,-16.206730000000423
62340,2721.9800863880023,2687.626116388002,0.0,-34.35397000000032
62400,2721.9800863880023,2722.3523163880022,0.0,0.3722299999999385
62460,2721.9800863880023,2734.618506388002,0.0,12.638419999999607
62520,2721.9800863880023,2746.548636388002,0.0,24.56854999999966
62580,2721.9800863880023,2740.2755163880024,0.0,18.295429999999953
62640,2721.9800863880023,2772.257226388002,0.0,50.27713999999984
62700,2721.9800863880023,2765.3679963880018,0.0,43.38790999999958
62760,2796.537146914002,2771.977176388002,0.0,49.997089999999694
62820,2796.537146914002,2796.537146914002,0.0,0.0
62880,2796.537146914002,2796.537146914002,0.0,0.0
62940,2796.537146914002,2796.537146914002,0.0,0.0
63000,2796.537146914002,2796.537146914002,0.0,0.0
63060,2796.537146914002,2796.537146914002,0.0,0.0
63120,2796.537146914002,2796.537146914002,0.0,0.0
63180,2796.537146914002,2796.537146914002,0.0,0.0
63240,2796.537146914002,2796.537146914002,0.0,0.0
63300,2796.537146914002,2796.537146914002,0.0,0.0
63360,2796.537146914002,2796.537146914002,0.0,0.0
63420,2796.537146914002,2796.537146914002,0.0,0.0
63480,2796.537146914002,2796.537146914002,0.0,0.0
63540,2796.537146914002,2796.537146914002,0.0,0.0
63600,2796.537146914002,2796.537146914002,0.0,0.0
63660,2796.537146914002,2796.537146914002,0.0,0.0
63720,2796.537146914002,2796.537146914002,0.0,0.0
63780,2796.537146914002,2796.537146914002,0.0,0.0
63840,2796.537146914002,2796.537146914002,0.0,0.0
63900,2796.537146914002,2796.537146914002,0.0,0.0
63960,2796.537146914002,2796.537146914002,0.0,0.0
64020,2796.071878404002,2796.537146914002,0.0,0.0
64080,2796.071878404002,2801.9778984040017,0.0,5.9060199999999945
64140,2796.005576244002,2812.676508404002,0.0,16.60463000000017
64200,2872.541399012002,2852.767426244002,0.0,56.76184999999991
64260,2872.541399012002,2872.541399012002,0.0,0.0
64320,2872.541399012002,2872.541399012002,0.0,0.0
64380,2872.541399012002,2872.541399012002,0.0,0.0
64440,2872.541399012002,2872.541399012002,0.0,0.0
64500,2872.541399012002,2872.541399012002,0.0,0.0
64560,2872.0634852420017,2872.541399012002,0.0,0.0
64620,2872.0634852420017,2884.7674352420017,0.0,12.703950000000017
64680,2872.0634852420017,2876.5270352420016,0.0,4.463550000000053
64740,2872.0634852420017,2866.4227352420016,0.0,-5.640750000000097
64800,2871.9954288460017,2862.400635242002,0.0,-9.662849999999784
64860,2871.9954288460017,2856.2938288460023,0.0,-15.701599999999583
64920,2871.9954288460017,2852.8199688460018,0.0,-19.17545999999985
64980,2871.9954288460017,2864.418178846002,0.0,-7.577249999999807
65040,2871.9954288460017,2870.021178846002,0.0,-1.9742499999997265
65100,2871.4052560120017,2823.740398846002,0.0,-48.255029999999756
65160,2871.4052560120017,2829.348176012001,0.0,-42.05708000000041
65220,2871.4052560120017,2840.1152960120016,0.0,-31.28996000000029
65280,2870.179618908002,2806.9856960120014,0.0,-64.41956000000042
65340,2870.179618908002,2736.737178908004,0.0,-133.44243999999796
65400,2870.179618908002,2788.4581989080043,0.0,-81.72141999999776
65460,2870.179618908002,2862.1668989080026,0.0,-8.012719999999108
65520,2870.179618908002,2927.130498908004,0.0,56.95088000000217
65580,2870.179618908002,2862.916478908003,0.0,-7.26313999999908
65640,2870.179618908002,3009.8341589080032,0.0,139.65454000000116
65700,2870.179618908002,2839.6794989080036,0.0,-30.500119999998187
65760,2870.179618908002,2877.408358908003,0.0,7.228740000000878
65820,2870.179618908002,2827.1864989080045,0.0,-42.993119999997475
65880,2870.179618908002,3034.570298908004,0.0,164.3906800000021
65940,2870.179618908002,3071.799438908004,0.0,201.61982000000233
66000,2870.179618908002,3075.0476189080036,0.0,204.86800000000187
66060,2870.179618908002,3018.8291189080032,0.0,148.64950000000152
66120,2870.179618908002,2916.136658908003,0.0,45.957040000001165
66180,2870.179618908002,2902.1444989080037,0.0,31.964880000001816
66240,2870.179618908002,2851.9226389080036,0.0,-18.256979999998315
66300,2870.179618908002,2759.974158908003,0.0,-110.20545999999885
66360,2870.179618908002,2868.163538908003,0.0,-2.016079999998881
66420,2870.179618908002,3046.5635789080043,0.0,176.38396000000256
66480,2870.179618908002,3036.069458908004,0.0,165.88984000000215
66540,2870.179618908002,2871.911438908003,0.0,1.7318200000012611
66600,2870.179618908002,2964.609498908004,0.0,94.42988000000182
66660,2870.179618908002,2966.6083789080044,0.0,96.42876000000248
66720,2870.179618908002,2960.611738908004,0.0,90.43212000000226
66780,2870.179618908002,3016.0806589080025,0.0,145.90104000000082
66840,2870.179618908002,2827.436358908004,0.0,-42.74325999999806
66900,2870.179618908002,2904.8929589080044,0.0,34.71334000000251
66960,2870.179618908002,2893.8991189080034,0.0,23.719500000001503
67020,2870.179618908002,2999.839758908003,0.0,129.66014000000138
67080,3172.8287034595296,3113.026338908004,0.0,242.84672000000214
67140,3172.8287034595296,3180.095111448003,0.0,7.266407988473596
67200,3172.8287034595296,3174.4707114480034,0.0,1.642007988473628
67260,3172.8287034595296,3174.109511448003,0.0,1.2808079884736145
67320,3172.8287034595296,3172.4325114480034,0.0,-0.39619201152638794
67380,3172.8287034595296,3174.8405114480033,0.0,2.0118079884736217
67440,3172.6477266715297,3173.9203114480033,0.0,1.0916079884736276
67500,3172.6477266715297,3174.0627546600035,0.0,1.4150279884736556
67560,3172.6477266715297,3177.220654660003,0.0,4.57292798847371
67620,3172.6477266715297,3184.5250146600033,0.0,11.877287988473663
67680,3172.6477266715297,3172.1130946600033,0.0,-0.5346320115262883
67740,3172.6477266715297,3176.149714660003,0.0,3.5019879884736698
67800,3172.6477266715297,3177.9895346600033,0.0,5.341807988473675
67860,3172.6477266715297,3177.0284346600033,0.0,4.380707988473768
67920,3172.6477266715297,3170.7126346600035,0.0,-1.9350920115263415
67980,3172.30682350153,3166.1268146600037,0.0,-6.52091201152619
68040,3172.30682350153,3166.4409414900038,0.0,-5.865882011525915
68100,3172.30682350153,3185.8480214900037,0.0,13.541197988474073
68160,3172.30682350153,3190.258721490004,0.0,17.95189798847409
68220,3172.30682350153,3187.5492914900037,0.0,15.24246798847369
68280,3172.30682350153,3185.2179214900034,0.0,12.91109798847375
68340,3172.30682350153,3181.1852814900035,0.0,8.878457988473748
68400,3171.6548121115297,3160.896061490004,0.0,-11.410762011525977
68460,3171.6548121115297,3137.4558201000036,0.0,-34.19899201152617
68520,3171.6548121115297,3191.079000100003,0.0,19.42418798847365
68580,3170.30084118353,3077.4457601000036,0.0,-94.20905201152624
68640,3170.30084118353,3138.967309172003,0.0,-31.333532011526817
68700,3170.30084118353,2977.6847891720035,0.0,-192.61605201152628
68760,3170.30084118353,3144.5869091720037,0.0,-25.71393201152594
68820,3170.30084118353,3046.2439091720034,0.0,-124.05693201152634
68880,3170.30084118353,3257.540869172004,0.0,87.24002798847435
68940,3170.30084118353,3228.037969172003,0.0,57.73712798847323
69000,3170.30084118353,3123.7943891720047,0.0,-46.5064520115254
69060,3170.30084118353,3222.418369172004,0.0,52.11752798847435
69120,3170.30084118353,3263.160469172003,0.0,92.85962798847324
69180,3170.30084118353,3221.575429172004,0.0,51.27458798847432
69240,3170.30084118353,3100.7540291720043,0.0,-69.5468120115256
69300,3170.30084118353,3180.552349172004,0.0,10.251507988474096
69360,3170.30084118353,3243.491869172003,0.0,73.19102798847315
69420,3170.30084118353,3191.7915491720037,0.0,21.490707988473858
69480,3170.30084118353,3052.144489172004,0.0,-118.15635201152612
69540,3170.30084118353,3119.298709172003,0.0,-51.002132011526896
69600,3170.30084118353,3204.435649172004,0.0,34.134807988474336
69660,3170.30084118353,3158.3549291720037,0.0,-11.945912011526081
69720,3571.1814422980037,2856.582409172004,0.0,-313.7184320115256
69780,3571.1814422980037,3571.1814422980037,0.0,0.0
69840,3571.1814422980037,3571.1814422980037,0.0,0.0
69900,3570.5873239160037,3571.1814422980037,0.0,0.0
69960,3570.5026443200036,3550.931713916004,0.0,-19.655609999999825
70020,3570.5026443200036,3591.6235743200036,0.0,21.120929999999934
70080,3570.5026443200036,3609.8620143200033,0.0,39.35936999999957
70140,3570.5026443200036,3625.5055543200037,0.0,55.00290999999999
70200,3668.2531065520034,3597.777194320003,0.0,27.274549999999817
70260,3668.2531065520034,3668.2531065520034,0.0,0.0
70320,3668.2531065520034,3668.2531065520034,0.0,0.0
70380,3668.2531065520034,3668.2531065520034,0.0,0.0
70440,3667.6428988720036,3668.2531065520034,0.0,0.0
70500,3667.6428988720036,3672.021998872003,0.0,4.379099999999694
70560,3667.6428988720036,3668.439098872004,0.0,0.7962000000000301
70620,3667.6428988720036,3634.4678988720034,0.0,-33.175
70680,3667.6428988720036,3649.6620488720037,0.0,-17.98085000000005
70740,3667.6428988720036,3639.7758988720034,0.0,-27.86700000000011
70800,3667.6428988720036,3619.9372488720037,0.0,-47.70565000000008
70860,3667.6428988720036,3568.3169488720036,0.0,-99.32594999999998
70920,3667.6428988720036,3555.7767988720034,0.0,-111.86609999999999
70980,3666.8021250380034,3564.7340488720033,0.0,-102.90885000000011
71040,3665.2368975260033,3579.829355038003,0.0,-86.97277000000014
71100,3665.2368975260033,3422.5573775260036,0.0,-242.67951999999974
71160,3665.2368975260033,3317.710587526002,0.0,-347.52631000000133
71220,3665.2368975260033,3613.9282175260037,0.0,-51.30867999999973
71280,3665.2368975260033,3669.2357475260023,0.0,3.998849999999151
71340,3665.2368975260033,3611.553047526002,0.0,-53.68385000000143
71400,3665.2368975260033,3689.5943475260033,0.0,24.357449999999922
71460,3665.2368975260033,3788.333557526002,0.0,123.09665999999885
71520,3665.2368975260033,3862.3031375260034,0.0,197.06624000000005
71580,3665.2368975260033,3934.915477526003,0.0,269.67857999999956
71640,3665.2368975260033,3772.7252975260026,0.0,107.48839999999906
71700,3665.2368975260033,3741.1694675260037,0.0,75.93257000000027
71760,3665.2368975260033,3739.812227526002,0.0,74.57532999999862
71820,3665.2368975260033,3674.3253975260027,0.0,9.088499999999344
71880,3665.2368975260033,3708.935017526004,0.0,43.69812000000066
71940,3665.2368975260033,3820.907317526003,0.0,155.67042000000006
72000,3665.2368975260033,3809.031467526002,0.0,143.79456999999883
72060,3665.2368975260033,3886.3941475260026,0.0,221.15724999999935
72120,3665.2368975260033,3825.657657526002,0.0,160.42075999999864
72180,3665.2368975260033,3857.213487526003,0.0,191.97658999999985
72240,3665.2368975260033,3619.357177526003,0.0,-45.879720000000326
72300,3665.2368975260033,3727.5970675260037,0.0,62.36017000000056
72360,3665.2368975260033,3782.5652875260034,0.0,117.32839000000023
72420,3665.2368975260033,3803.6025075260027,0.0,138.36560999999944
72480,3665.2368975260033,3726.5791375260037,0.0,61.34224000000052
72540,3665.2368975260033,3678.3971175260026,0.0,13.160219999999498
72600,3665.2368975260033,3833.801097526002,0.0,168.56419999999895
72660,3665.2368975260033,3529.779337526002,0.0,-135.4575600000013
72720,3665.2368975260033,3630.8937175260025,0.0,-34.34318000000069
72780,3665.2368975260033,3593.908927526002,0.0,-71.32797000000129
72840,3665.2368975260033,3624.107517526004,0.0,-41.129379999999344
72900,3665.2368975260033,3797.4949275260024,0.0,132.2580299999992
72960,3665.2368975260033,3721.150177526002,0.0,55.91327999999871
73020,3665.2368975260033,3849.409357526002,0.0,184.17245999999875
73080,3665.2368975260033,3832.783167526002,0.0,167.5462699999989
73140,3665.2368975260033,3794.101827526003,0.0,128.86492999999987
73200,3665.2368975260033,3812.424567526004,0.0,147.18767000000057
73260,3665.2368975260033,3878.9293275260034,0.0,213.69242999999986
73320,4051.9112734821624,3994.9733475260027,0.0,329.7364499999994
73380,4051.9112734821624,4064.403328650003,0.0,12.492055167840586
73440,4051.9112734821624,4064.110578650003,0.0,12.199305167840603
73500,4067.352435942003,4064.180838650003,0.0,12.269565167840605
73560,4067.352435942003,4067.352435942003,0.0,0.0
73620,4067.352435942003,4067.352435942003,0.0,0.0
73680,4067.352435942003,4067.352435942003,0.0,0.0
73740,4067.352435942003,4067.352435942003,0.0,0.0
73800,4067.352435942003,4067.352435942003,0.0,0.0
73860,4067.352435942003,4067.352435942003,0.0,0.0
73920,4067.352435942003,4067.352435942003,0.0,0.0
73980,4067.352435942003,4067.352435942003,0.0,0.0
74040,4066.6758325020032,4067.352435942003,0.0,0.0
74100,4066.6758325020032,4089.442952502003,0.0,22.767119999999817
74160,4066.579340982003,4057.0237525020034,0.0,-9.652080000000018
74220,4066.579340982003,4067.712890982002,0.0,1.133549999999328
74280,4066.579340982003,4033.0430909820025,0.0,-33.53625000000059
74340,4066.579340982003,4058.203940982002,0.0,-8.375400000000635
74400,4066.579340982003,4079.0731409820028,0.0,12.493799999999759
74460,4066.579340982003,4116.8564909820025,0.0,50.2771499999996
74520,4066.579340982003,4118.707790982003,0.0,52.12844999999947
74580,4177.911220542002,4144.794290982003,0.0,78.21494999999966
74640,4177.911220542002,4177.911220542002,0.0,0.0
74700,4177.911220542002,4177.911220542002,0.0,0.0
74760,4177.911220542002,4177.911220542002,0.0,0.0
74820,4177.911220542002,4177.911220542002,0.0,0.0
74880,4177.911220542002,4177.911220542002,0.0,0.0
74940,4177.911220542002,4177.911220542002,0.0,0.0
75000,4177.216151982002,4177.911220542002,0.0,0.0
75060,4177.117114150002,4201.493651982001,0.0,24.277499999999684
75120,4177.117114150002,4243.408904150001,0.0,66.29178999999924
75180,4177.117114150002,4226.026064150001,0.0,48.90894999999919
75240,4177.117114150002,4150.53000415,0.0,-26.587110000001044
75300,4176.258708782002,4110.310884150002,0.0,-66.80623000000055
75360,4174.476072326002,4192.919248782002,0.0,16.66053999999984
75420,4174.476072326002,3939.383332326005,0.0,-235.09273999999726
75480,4174.476072326002,3892.645792326006,0.0,-281.8302799999963
75540,4174.476072326002,3859.5875323260047,0.0,-314.8885399999976
75600,4174.476072326002,4096.315072326007,0.0,-78.16099999999582
75660,4174.476072326002,4003.2199723260046,0.0,-171.25609999999756
75720,4114.815714218212,3915.824572326006,0.0,-258.65149999999636
75780,4523.147293707018,4170.788670521999,0.0,55.97295630378735
75840,4709.217937276001,4690.188432708001,0.0,167.04113900098207
75900,4709.217937276001,4706.483427276001,0.0,-2.7345099999998945
75960,4709.106212572001,4647.294517276001,0.0,-61.92341999999984
76020,4709.106212572001,4622.509022572001,0.0,-86.5971899999999
76080,4709.106212572001,4652.491172572001,0.0,-56.61503999999948
76140,4709.106212572001,4679.848622572002,0.0,-29.257589999999396
76200,4709.106212572001,4609.284572572001,0.0,-99.82163999999992
76260,4709.106212572001,4657.134872572002,0.0,-51.97133999999954
76320,4709.106212572001,4715.685872572001,0.0,6.579660000000287
76380,4709.106212572001,4743.850922572002,0.0,34.74471000000064
76440,4709.106212572001,4764.545672572001,0.0,55.439460000000466
76500,4709.106212572001,4752.027872572001,0.0,42.92166000000023
76560,4709.106212572001,4657.740572572002,0.0,-51.365639999999516
76620,4709.106212572001,4722.853322572001,0.0,13.747110000000081
76680,4709.106212572001,4744.759472572002,0.0,35.65326000000067
76740,4709.106212572001,4669.753622572001,0.0,-39.352589999999545
76800,4709.106212572001,4703.571872572002,0.0,-5.534339999999455
76860,4709.106212572001,4728.708422572001,0.0,19.602210000000063
76920,4709.106212572001,4741.0243225720005,0.0,31.918110000000052
76980,4709.106212572001,4740.519572572001,0.0,31.413360000000512
77040,4838.024613442001,4773.631172572001,0.0,64.52496000000009
77100,4838.024613442001,4838.024613442001,0.0,0.0
77160,4838.024613442001,4838.024613442001,0.0,0.0
77220,4838.024613442001,4838.024613442001,0.0,0.0
77280,4838.024613442001,4838.024613442001,0.0,0.0
77340,4838.024613442001,4838.024613442001,0.0,0.0
77400,4838.024613442001,4838.024613442001,0.0,0.0
77460,4837.219787770001,4838.024613442001,0.0,0.0
77520,4837.219787770001,4820.187107770001,0.0,-17.032680000000006
77580,4837.219787770001,4808.741867770002,0.0,-28.477919999999585
77640,4837.219787770001,4799.189147770001,0.0,-38.030639999999735
77700,4837.219787770001,4782.7873077700015,0.0,-54.432479999999934
77760,4837.219787770001,4770.530987770001,0.0,-66.68880000000019
77820,4837.219787770001,4777.199867770001,0.0,-60.019919999999715
77880,4837.219787770001,4767.6471477700015,0.0,-69.57263999999986
77940,4837.105042690001,4717.630547770001,0.0,-119.58923999999985
78000,4836.111033586001,4727.326382690001,0.0,-109.77865999999963
78060,4836.111033586001,4658.484333586,0.0,-177.62670000000168
78120,4834.046788466001,4668.955053586,0.0,-167.15598000000128
78180,4834.046788466001,4554.331758466,0.0,-279.7150300000012
78240,4834.046788466001,4872.640908465998,0.0,38.59411999999668
78300,4834.046788466001,4964.770908465999,0.0,130.72411999999798
78360,4834.046788466001,4813.217058465999,0.0,-20.829730000002296
78420,4834.046788466001,4815.520308466,0.0,-18.52648000000112
78480,4834.046788466001,5237.936358465998,0.0,403.8895699999963
