,minute,coin,pnl,fee_paid,balance,balance_btc,balance_usd,btc_price,qty,price,psize,pprice,type
0,43,HYPE,0.0,-0.033239246,199.966760754,0.0,199.966760754,1.0,5.03,33.041,5.03,33.041,entry_initial_normal_long
1,96,HYPE,0.0,-0.004778352,199.96198240200002,0.0,199.96198240200002,1.0,0.72,33.183,5.75,33.05878086956521,entry_trailing_cropped_long
2,228,HYPE,0.0,-0.041080031999999995,199.92090237000002,0.0,199.92090237000002,1.0,6.39,32.144,12.14,32.577277594728166,entry_grid_normal_long
3,251,HYPE,0.0,-0.08534970000000001,199.83555267000003,0.0,199.83555267000003,1.0,13.5,31.611,25.64,32.068512090483615,entry_grid_normal_long
4,397,HYPE,9.935653946957904,-0.079464656,209.69174196095793,0.0,209.69174196095793,1.0,-12.08,32.891,13.56,32.068512090483615,close_grid_long
5,398,HYPE,11.316746692667738,-0.083589096,220.92489955762568,0.0,220.92489955762568,1.0,-12.68,32.961,0.88,32.068512090483615,close_grid_long
6,399,HYPE,0.8434693603744193,-0.005812752000000001,221.7625561660001,0.0,221.7625561660001,1.0,-0.88,33.027,0.0,32.068512090483615,close_grid_long
7,725,HYPE,0.0,-0.03687488,221.7256812860001,0.0,221.7256812860001,1.0,5.6,32.924,5.6,32.924,entry_initial_normal_long
8,763,HYPE,0.0,-0.00528768,221.7203936060001,0.0,221.7203936060001,1.0,0.81,32.64,6.41,32.88811232449298,entry_trailing_cropped_long
9,931,HYPE,0.0,-0.045600628000000004,221.6747929780001,0.0,221.6747929780001,1.0,7.13,31.978,13.54,32.408858197932055,entry_grid_normal_long
10,977,HYPE,0.0,-0.09465547,221.58013750800012,0.0,221.58013750800012,1.0,15.05,31.447,28.59,31.902528506470794,entry_grid_normal_long
11,1419,HYPE,0.0,-0.215398112,221.36473939600012,0.0,221.36473939600012,1.0,34.94,30.824,63.53,31.309363292932474,entry_grid_inflated_long
12,1420,HYPE,-1.0675629151581991,-0.012936420000000002,220.2842400608419,0.0,220.2842400608419,1.0,-2.1,30.801,61.43,31.309363292932474,close_unstuck_long
13,1421,HYPE,-1.0771092822288697,-0.012871892000000001,219.19425888661303,0.0,219.19425888661303,1.0,-2.09,30.794,59.34,31.309363292932474,close_unstuck_long
14,1422,HYPE,-0.9840020163702221,-0.012765275999999999,218.19749159424282,0.0,218.19749159424282,1.0,-2.07,30.834,57.27,31.309363292932474,close_unstuck_long
15,1423,HYPE,-0.9627683834408993,-0.012706904000000002,217.22201630680192,0.0,217.22201630680192,1.0,-2.06,30.842,55.21,31.309363292932474,close_unstuck_long
16,1424,HYPE,-0.9888447505115683,-0.01263907,216.22053248629035,0.0,216.22053248629035,1.0,-2.05,30.827,53.16,31.309363292932474,close_unstuck_long
17,1425,HYPE,-0.7841011175822458,-0.0126174,215.42381396870812,0.0,215.42381396870812,1.0,-2.04,30.925,51.12,31.309363292932474,close_unstuck_long
18,1426,HYPE,-0.517853851723596,-0.012545412,214.8934147049845,0.0,214.8934147049845,1.0,-2.02,31.053,49.1,31.309363292932474,close_unstuck_long
19,1427,HYPE,-0.5117938517235958,-0.012546624000000001,214.36907422926092,0.0,214.36907422926092,1.0,-2.02,31.056,47.08,31.309363292932474,close_unstuck_long
20,1428,HYPE,-0.3203202187942758,-0.012522299999999998,214.03623171046664,0.0,214.03623171046664,1.0,-2.01,31.15,45.07,31.309363292932474,close_unstuck_long
21,1429,HYPE,-0.3487265858649451,-0.012454000000000002,213.67505112460168,0.0,213.67505112460168,1.0,-2.0,31.135,43.07,31.309363292932474,close_unstuck_long
22,1430,HYPE,-0.29072658586494526,-0.012465600000000002,213.37185893873672,0.0,213.37185893873672,1.0,-2.0,31.164,41.07,31.309363292932474,close_unstuck_long
23,1432,HYPE,-0.3947265858649516,-0.0124448,212.96468755287177,0.0,212.96468755287177,1.0,-2.0,31.112,39.07,31.309363292932474,close_unstuck_long
24,1433,HYPE,-0.2773329529356201,-0.01240566,212.67494893993614,0.0,212.67494893993614,1.0,-1.99,31.17,37.08,31.309363292932474,close_unstuck_long
25,1571,HYPE,9.991245432079287,-0.084467112,222.58172726001544,0.0,222.58172726001544,1.0,-13.17,32.068,23.91,31.309363292932474,close_grid_long
26,1571,HYPE,10.834125432079288,-0.084635688,233.33121700409473,0.0,233.33121700409473,1.0,-13.17,32.132,10.74,31.309363292932474,close_grid_long
27,1572,HYPE,9.576178233905233,-0.06916774800000001,242.83822748999995,0.0,242.83822748999995,1.0,-10.74,32.201,0.0,31.309363292932474,close_grid_long
28,2342,HYPE,0.0,-0.040412764000000004,242.79781472599996,0.0,242.79781472599996,1.0,6.23,32.434,6.23,32.434,entry_initial_normal_long
29,2515,HYPE,0.0,-0.0057590720000000005,242.79205565399997,0.0,242.79205565399997,1.0,0.88,32.722,7.11,32.469645569620255,entry_trailing_cropped_long
30,3005,HYPE,0.0,-0.049882180000000005,242.74217347399997,0.0,242.74217347399997,1.0,7.9,31.571,15.01,31.99667421718855,entry_grid_normal_long
31,3221,HYPE,13.14082226515646,-0.09676238000000001,255.78623335915643,0.0,255.78623335915643,1.0,-14.71,32.89,0.3,31.99667421718855,close_grid_long
32,3228,HYPE,0.28779773484343635,-0.0019773600000000005,256.07205373399984,0.0,256.07205373399984,1.0,-0.3,32.956,0.0,31.99667421718855,close_grid_long
33,3993,HYPE,0.0,-0.0426309,256.02942283399983,0.0,256.02942283399983,1.0,6.43,33.15,6.43,33.15,entry_initial_normal_long
34,4092,HYPE,0.0,-0.006042582,256.0233802519998,0.0,256.0233802519998,1.0,0.91,33.201,7.34,33.15632288828338,entry_trailing_cropped_long
35,4197,HYPE,7.058710000000029,-0.050085224000000005,263.03200502799984,0.0,263.03200502799984,1.0,-7.34,34.118,0.0,33.15632288828338,close_grid_long
36,4232,HYPE,0.0,-0.043772742,262.98823228599986,0.0,262.98823228599986,1.0,6.61,33.111,6.61,33.111,entry_initial_normal_long
37,4449,HYPE,0.0,-0.006218288,262.98201399799984,0.0,262.98201399799984,1.0,0.94,33.076,7.55,33.10664238410596,entry_trailing_cropped_long
38,4772,HYPE,7.250700000000001,-0.05144117,270.18127282799986,0.0,270.18127282799986,1.0,-7.55,34.067,0.0,33.10664238410596,close_grid_long
39,6149,HYPE,0.0,-0.044950290000000004,270.1363225379999,0.0,270.1363225379999,1.0,6.09,36.905,6.09,36.905,entry_initial_normal_long
40,6304,HYPE,0.0,-0.006400636,270.12992190199986,0.0,270.12992190199986,1.0,0.86,37.213,6.95,36.943112230215824,entry_trailing_cropped_long
41,6441,HYPE,0.0,-0.055533866,270.07438803599985,0.0,270.07438803599985,1.0,7.73,35.921,14.68,36.404901907356944,entry_grid_normal_long
42,7777,HYPE,0.0,-0.11530080000000001,269.95908723599985,0.0,269.95908723599985,1.0,16.32,35.325,31.0,35.83638580645162,entry_grid_normal_long
43,7791,HYPE,0.0,-0.26246508,269.6966221559998,0.0,269.6966221559998,1.0,37.9,34.626,68.9,35.17058577648766,entry_grid_inflated_long
44,7792,HYPE,-1.0727697126269933,-0.015752892,268.60809955137285,0.0,268.60809955137285,1.0,-2.27,34.698,66.63,35.17058577648766,close_unstuck_long
45,7793,HYPE,-0.6240321393323576,-0.015631616000000004,267.96843579604047,0.0,267.96843579604047,1.0,-2.24,34.892,64.39,35.17058577648766,close_unstuck_long
46,7794,HYPE,-0.4093962815674834,-0.015604202000000001,267.543435312473,0.0,267.543435312473,1.0,-2.23,34.987,62.16,35.17058577648766,close_unstuck_long
47,7795,HYPE,-0.39824628156749353,-0.015606431999999998,267.1295825989055,0.0,267.1295825989055,1.0,-2.23,34.992,59.93,35.17058577648766,close_unstuck_long
48,7796,HYPE,-0.04348042380260353,-0.015607044000000002,267.07049513110286,0.0,267.07049513110286,1.0,-2.22,35.151,57.71,35.17058577648766,close_unstuck_long
49,7797,HYPE,-0.2566004238026116,-0.015564420000000002,266.79833028730025,0.0,266.79833028730025,1.0,-2.22,35.055,55.49,35.17058577648766,close_unstuck_long
50,7798,HYPE,-0.003504566037741128,-0.015544698000000001,266.7792810232625,0.0,266.7792810232625,1.0,-2.21,35.169,53.28,35.17058577648766,close_unstuck_long
51,7801,HYPE,-0.09411456603773409,-0.015526576,266.6696398812248,0.0,266.6696398812248,1.0,-2.21,35.128,51.07,35.17058577648766,close_unstuck_long
52,7802,HYPE,-0.45862042380261403,-0.015524016000000002,266.19549544142217,0.0,266.19549544142217,1.0,-2.22,34.964,48.85,35.17058577648766,close_unstuck_long
53,7803,HYPE,-0.36094042380260505,-0.015543552000000004,265.81901146561955,0.0,265.81901146561955,1.0,-2.22,35.008,46.63,35.17058577648766,close_unstuck_long
54,7804,HYPE,-0.17588456603773195,-0.015510221999999999,265.62761667758184,0.0,265.62761667758184,1.0,-2.21,35.091,44.42,35.17058577648766,close_unstuck_long
55,7806,HYPE,-0.28417456603773084,-0.015488564,265.3279535475441,0.0,265.3279535475441,1.0,-2.21,35.042,42.21,35.17058577648766,close_unstuck_long
56,8047,HYPE,12.38304008998554,-0.105385742,277.60560789552966,0.0,277.60560789552966,1.0,-14.63,36.017,27.58,35.17058577648766,close_grid_long
57,8049,HYPE,14.168091761973834,-0.11052595199999998,291.6631737055035,0.0,291.6631737055035,1.0,-15.31,36.096,12.27,35.17058577648766,close_grid_long
58,8052,HYPE,12.275082522496373,-0.088763634,303.84949259399986,0.0,303.84949259399986,1.0,-12.27,36.171,0.0,35.17058577648766,close_grid_long
59,8190,HYPE,0.0,-0.050545488,303.79894710599984,0.0,303.79894710599984,1.0,7.14,35.396,7.14,35.396,entry_initial_normal_long
60,8496,HYPE,0.0,-0.007234926,303.7917121799998,0.0,303.7917121799998,1.0,1.03,35.121,8.17,35.361330477356184,entry_trailing_cropped_long
61,8870,HYPE,0.0,-0.06243952800000001,303.7292726519998,0.0,303.7292726519998,1.0,9.08,34.383,17.25,34.846360000000004,entry_grid_normal_long
62,9027,HYPE,0.0,-0.12970666800000002,303.5995659839998,0.0,303.5995659839998,1.0,19.18,33.813,36.43,34.30230716442493,entry_grid_normal_long
63,9168,HYPE,0.0,-0.295171558,303.3043944259998,0.0,303.3043944259998,1.0,44.53,33.143,80.96,33.66465958498024,entry_grid_inflated_long
64,9169,HYPE,-1.6231676877470562,-0.017719624,301.66350711425275,0.0,301.66350711425275,1.0,-2.68,33.059,78.28,33.66465958498024,close_unstuck_long
65,9170,HYPE,-1.4275144960474444,-0.017624096000000002,300.2183685222053,0.0,300.2183685222053,1.0,-2.66,33.128,75.62,33.66465958498024,close_unstuck_long
66,9171,HYPE,-0.9616847084980387,-0.017515274,299.2391685397073,0.0,299.2391685397073,1.0,-2.63,33.299,72.99,33.66465958498024,close_unstuck_long
67,9172,HYPE,-0.7772481126482295,-0.017484832000000002,298.4444355950591,0.0,298.4444355950591,1.0,-2.62,33.368,70.37,33.66465958498024,close_unstuck_long
68,9173,HYPE,-1.3456647084980409,-0.017438478,297.081332408561,0.0,297.081332408561,1.0,-2.63,33.153,67.74,33.66465958498024,close_unstuck_long
69,9174,HYPE,-0.8831149209486228,-0.017329000000000004,296.1808884876124,0.0,296.1808884876124,1.0,-2.6,33.325,65.14,33.66465958498024,close_unstuck_long
70,9175,HYPE,-0.9392883250988286,-0.017250436,295.22434972651354,0.0,295.22434972651354,1.0,-2.59,33.302,62.55,33.66465958498024,close_unstuck_long
71,9176,HYPE,-0.6725017292490163,-0.017236464,294.5346115332645,0.0,294.5346115332645,1.0,-2.58,33.404,59.97,33.66465958498024,close_unstuck_long
72,9178,HYPE,-0.590225133399217,-0.01718559,293.9272008098653,0.0,293.9272008098653,1.0,-2.57,33.435,57.4,33.66465958498024,close_unstuck_long
73,9179,HYPE,-0.9268951333992176,-0.017118256000000002,292.9831874204661,0.0,292.9831874204661,1.0,-2.57,33.304,54.83,33.66465958498024,close_unstuck_long
74,9180,HYPE,-0.7261685375494199,-0.017091072000000002,292.2399278109167,0.0,292.2399278109167,1.0,-2.56,33.381,52.27,33.66465958498024,close_unstuck_long
75,9181,HYPE,-0.2531353458498214,-0.01705102,291.96974144506686,0.0,291.96974144506686,1.0,-2.54,33.565,49.73,33.66465958498024,close_unstuck_long
76,9182,HYPE,-0.16358875000000955,-0.0170016,291.78915109506687,0.0,291.78915109506687,1.0,-2.53,33.6,47.2,33.66465958498024,close_unstuck_long
77,9361,HYPE,13.722682376482153,-0.11592512199999999,305.395908349549,0.0,305.395908349549,1.0,-16.81,34.481,30.39,33.66465958498024,close_grid_long
78,9362,HYPE,15.67867790019749,-0.12156800799999999,320.9530182417465,0.0,320.9530182417465,1.0,-17.59,34.556,12.8,33.66465958498024,close_grid_long
79,9362,HYPE,12.292357312252898,-0.08864000000000001,333.1567355539994,0.0,333.1567355539994,1.0,-12.8,34.625,0.0,33.66465958498024,close_grid_long
80,9586,HYPE,0.0,-0.055394484000000015,333.1013410699994,0.0,333.1013410699994,1.0,8.23,33.654,8.23,33.654,entry_initial_normal_long
81,9630,HYPE,0.0,-0.007909576,333.09343149399945,0.0,333.09343149399945,1.0,1.16,34.093,9.39,33.708232161874335,entry_trailing_cropped_long
82,9723,HYPE,9.181239999999994,-0.06514030800000001,342.2095311859994,0.0,342.2095311859994,1.0,-9.39,34.686,0.0,33.708232161874335,close_grid_long
83,10186,HYPE,0.0,-0.05696054,342.15257064599945,0.0,342.15257064599945,1.0,8.33,34.19,8.33,34.19,entry_initial_normal_long
84,10231,HYPE,0.0,-0.008066407999999999,342.14450423799946,0.0,342.14450423799946,1.0,1.16,34.769,9.49,34.26077344573235,entry_trailing_cropped_long
85,10272,HYPE,9.435210000000048,-0.06691399,351.5128002479995,0.0,351.5128002479995,1.0,-9.49,35.255,0.0,34.26077344573235,close_grid_long
86,10475,HYPE,0.0,-0.058460442,351.4543398059995,0.0,351.4543398059995,1.0,8.49,34.429,8.49,34.429,entry_initial_normal_long
87,10506,HYPE,0.0,-0.008366214,351.4459735919995,0.0,351.4459735919995,1.0,1.23,34.009,9.72,34.37585185185185,entry_trailing_cropped_long
88,10781,HYPE,0.0,-0.072262688,351.3737109039995,0.0,351.3737109039995,1.0,10.81,33.424,20.53,33.87465757428154,entry_grid_normal_long
89,11765,HYPE,19.01083618119819,-0.14004604,370.2445010451977,0.0,370.2445010451977,1.0,-20.11,34.82,0.42,33.87465757428154,close_grid_long
90,11809,HYPE,0.4264438188017524,-0.00293076,370.66801410399944,0.0,370.66801410399944,1.0,-0.42,34.89,0.0,33.87465757428154,close_grid_long
91,13700,HYPE,0.0,-0.06165040000000001,370.6063637039994,0.0,370.6063637039994,1.0,8.72,35.35,8.72,35.35,entry_initial_normal_long
92,13927,HYPE,0.0,-0.008836,370.59752770399945,0.0,370.59752770399945,1.0,1.25,35.344,9.97,35.34924774322969,entry_trailing_cropped_long
93,14399,HYPE,10.226749999999997,-0.07253175,380.75174595399943,0.0,380.75174595399943,1.0,-9.97,36.375,0.0,35.34924774322969,close_grid_long
94,16098,HYPE,0.0,-0.063371152,380.68837480199943,0.0,380.68837480199943,1.0,7.96,39.806,7.96,39.806,entry_initial_normal_long
95,16172,HYPE,0.0,-0.009011744000000002,380.6793630579994,0.0,380.6793630579994,1.0,1.12,40.231,9.08,39.858422907488986,entry_trailing_cropped_long
96,16363,HYPE,10.501720000000011,-0.07448324,391.10659981799944,0.0,391.10659981799944,1.0,-9.08,41.015,0.0,39.858422907488986,close_grid_long
97,16751,HYPE,0.0,-0.06510484000000001,391.04149497799943,0.0,391.04149497799943,1.0,7.96,40.895,7.96,40.895,entry_initial_normal_long
98,16758,HYPE,0.0,-0.009264726000000001,391.0322302519994,0.0,391.0322302519994,1.0,1.11,41.733,9.07,40.99755567805954,entry_trailing_cropped_long
99,17021,HYPE,10.78825999999994,-0.076527218,401.74396303399936,0.0,401.74396303399936,1.0,-9.07,42.187,0.0,40.99755567805954,close_grid_long
100,17253,HYPE,0.0,-0.06685099199999998,401.67711204199935,0.0,401.67711204199935,1.0,8.04,41.574,8.04,41.574,entry_initial_normal_long
101,17401,HYPE,0.0,-0.009474824,401.66763721799936,0.0,401.66763721799936,1.0,1.13,41.924,9.17,41.617129770992356,entry_trailing_cropped_long
102,17457,HYPE,11.067000000000073,-0.07853921600000001,412.65609800199945,0.0,412.65609800199945,1.0,-9.17,42.824,0.0,41.617129770992356,close_grid_long
103,17748,HYPE,0.0,-0.068623744,412.5874742579995,0.0,412.5874742579995,1.0,8.12,42.256,8.12,42.256,entry_initial_normal_long
104,18037,HYPE,0.0,-0.009774884,412.57769937399945,0.0,412.57769937399945,1.0,1.18,41.419,9.3,42.14979999999999,entry_trailing_cropped_long
105,18122,HYPE,0.0,-0.084752844,412.4929465299995,0.0,412.4929465299995,1.0,10.34,40.983,19.64,41.53550712830957,entry_grid_normal_long
106,18771,HYPE,0.0,-0.175967264,412.31697926599946,0.0,412.31697926599946,1.0,21.83,40.304,41.47,40.88723607427056,entry_grid_normal_long
107,18937,HYPE,20.503334748010534,-0.16396976,432.65634425401,0.0,432.65634425401,1.0,-19.55,41.936,21.92,40.88723607427056,close_grid_long
108,18942,HYPE,23.34691575596806,-0.1724706,455.830789409978,0.0,455.830789409978,1.0,-20.52,42.025,1.4,40.88723607427056,close_grid_long
109,18942,HYPE,1.710469496021217,-0.01179052,457.5294683859992,0.0,457.5294683859992,1.0,-1.4,42.109,0.0,40.88723607427056,close_grid_long
110,19275,HYPE,0.0,-0.07609004400000001,457.4533783419992,0.0,457.4533783419992,1.0,9.07,41.946,9.07,41.946,entry_initial_normal_long
111,19315,HYPE,0.0,-0.01088217,457.4424961719992,0.0,457.4424961719992,1.0,1.31,41.535,10.38,41.894130057803466,entry_trailing_cropped_long
112,19405,HYPE,0.0,-0.09401638,457.3484797919992,0.0,457.3484797919992,1.0,11.54,40.735,21.92,41.28389461678832,entry_grid_normal_long
113,19532,HYPE,0.0,-0.195247566,457.1532322259992,0.0,457.1532322259992,1.0,24.37,40.059,46.29,40.63903218837761,entry_grid_normal_long
114,19542,HYPE,0.0,-0.44449111999999996,456.7087411059992,0.0,456.7087411059992,1.0,56.6,39.266,102.89,39.883724365827575,entry_grid_inflated_long
115,19543,HYPE,-2.0737456001554855,-0.026626416,454.60836908984373,0.0,454.60836908984373,1.0,-3.39,39.272,99.5,39.883724365827575,close_unstuck_long
116,19544,HYPE,-1.8525711128389182,-0.026511116000000005,452.7292868610048,0.0,452.7292868610048,1.0,-3.37,39.334,96.13,39.883724365827575,close_unstuck_long
117,19545,HYPE,-1.1012793818640947,-0.026422072000000005,451.6015854071407,0.0,451.6015854071407,1.0,-3.34,39.554,92.79,39.883724365827575,close_unstuck_long
118,19547,HYPE,-1.6740766255223762,-0.02638728,449.9011215016183,0.0,449.9011215016183,1.0,-3.35,39.384,89.44,39.883724365827575,close_unstuck_long
119,19548,HYPE,-1.5442021382058202,-0.026253720000000005,448.3306656434125,0.0,448.3306656434125,1.0,-3.33,39.42,86.11,39.883724365827575,close_unstuck_long
120,19549,HYPE,-0.764690407230995,-0.02617032,447.5398049161815,0.0,447.5398049161815,1.0,-3.3,39.652,82.81,39.883724365827575,close_unstuck_long
121,19550,HYPE,-0.5123331635727176,-0.026141024,447.00133072860876,0.0,447.00133072860876,1.0,-3.29,39.728,79.52,39.883724365827575,close_unstuck_long
122,19551,HYPE,-1.0253904072309972,-0.02611818,445.94982214137775,0.0,445.94982214137775,1.0,-3.3,39.573,76.22,39.883724365827575,close_unstuck_long
123,19552,HYPE,-0.903843163572717,-0.026062722000000003,445.019916255805,0.0,445.019916255805,1.0,-3.29,39.609,72.93,39.883724365827575,close_unstuck_long
124,19553,HYPE,-1.1834931635727197,-0.026006792000000004,443.8104163002323,0.0,443.8104163002323,1.0,-3.29,39.524,69.64,39.883724365827575,close_unstuck_long
125,19554,HYPE,-1.8085931635727124,-0.025881772,441.9759413646596,0.0,441.9759413646596,1.0,-3.29,39.334,66.35,39.883724365827575,close_unstuck_long
126,19563,HYPE,0.0,-0.2642905280000001,441.7116508366596,0.0,441.7116508366596,1.0,34.42,38.392,100.77,39.374196205940855,entry_grid_cropped_long
127,19572,HYPE,-0.7408955175454099,-0.025760042,440.9449952771142,0.0,440.9449952771142,1.0,-3.29,39.149,97.48,39.374196205940855,close_unstuck_long
128,19573,HYPE,0.035328406573397614,-0.025757790000000003,440.9545658936876,0.0,440.9545658936876,1.0,-3.27,39.385,94.21,39.374196205940855,close_unstuck_long
129,19574,HYPE,-0.2033815934266037,-0.025710048000000003,440.725474252261,0.0,440.725474252261,1.0,-3.27,39.312,90.94,39.374196205940855,close_unstuck_long
130,19575,HYPE,-0.712403555486016,-0.025686992,439.98738370477497,0.0,439.98738370477497,1.0,-3.28,39.157,87.66,39.374196205940855,close_unstuck_long
131,19576,HYPE,-0.9059235554860078,-0.025648287999999998,439.055811861289,0.0,439.055811861289,1.0,-3.28,39.098,84.38,39.374196205940855,close_unstuck_long
132,19587,HYPE,-1.454825517545406,-0.025617256000000005,437.5753690877436,0.0,437.5753690877436,1.0,-3.29,38.932,81.09,39.374196205940855,close_unstuck_long
133,19599,HYPE,0.0,-0.14704978,437.4283193077436,0.0,437.4283193077436,1.0,19.45,37.802,100.54,39.07004645255365,entry_grid_cropped_long
134,19636,HYPE,-1.7577637579525685,-0.025512818000000003,435.645042731791,0.0,435.645042731791,1.0,-3.31,38.539,97.23,39.07004645255365,close_unstuck_long
135,19641,HYPE,-2.0424237579525633,-0.025455886,433.57716308783847,0.0,433.57716308783847,1.0,-3.31,38.453,93.92,39.07004645255365,close_unstuck_long
136,19642,HYPE,-1.6663923643759715,-0.025296672,431.8854740514625,0.0,431.8854740514625,1.0,-3.28,38.562,90.64,39.07004645255365,close_unstuck_long
137,19643,HYPE,-1.401951435324889,-0.02519328,430.4583293361376,0.0,430.4583293361376,1.0,-3.26,38.64,87.38,39.07004645255365,close_unstuck_long
138,19644,HYPE,-1.0887905062738124,-0.025099632000000004,429.3444391978638,0.0,429.3444391978638,1.0,-3.24,38.734,84.14,39.07004645255365,close_unstuck_long
139,19645,HYPE,-0.739820041748278,-0.025091286,428.5795278701155,0.0,428.5795278701155,1.0,-3.23,38.841,80.91,39.07004645255365,close_unstuck_long
140,19646,HYPE,-1.1887900417482873,-0.025001492,427.3657363363672,0.0,427.3657363363672,1.0,-3.23,38.702,77.68,39.07004645255365,close_unstuck_long
141,19647,HYPE,-1.0724095772227389,-0.024946628000000005,426.26838013114445,0.0,426.26838013114445,1.0,-3.22,38.737,74.46,39.07004645255365,close_unstuck_long
142,19648,HYPE,-1.355769577222742,-0.024889956,424.8877205979217,0.0,424.8877205979217,1.0,-3.22,38.649,71.24,39.07004645255365,close_unstuck_long
143,19649,HYPE,-1.184148648171663,-0.024768000000000005,423.67880394975003,0.0,423.67880394975003,1.0,-3.2,38.7,68.04,39.07004645255365,close_unstuck_long
144,19650,HYPE,-1.0751781836461451,-0.024711654,422.5789141121039,0.0,422.5789141121039,1.0,-3.19,38.733,64.85,39.07004645255365,close_unstuck_long
145,19651,HYPE,-1.2857181836461304,-0.024669546,421.26852638245776,0.0,421.26852638245776,1.0,-3.19,38.667,61.66,39.07004645255365,close_unstuck_long
146,19652,HYPE,-0.5879067900695251,-0.024574688,420.65604490438824,0.0,420.65604490438824,1.0,-3.16,38.884,58.5,39.07004645255365,close_unstuck_long
147,19695,HYPE,0.0,-0.29812061800000006,420.35792428638825,0.0,420.35792428638825,1.0,39.59,37.651,98.09,38.497306631403696,entry_grid_cropped_long
148,19698,HYPE,-1.0731242868058735,-0.024500645999999997,419.26029935358235,0.0,419.26029935358235,1.0,-3.21,38.163,94.88,38.497306631403696,close_unstuck_long
149,19699,HYPE,-0.903381220491815,-0.024457600000000003,418.3324605330905,0.0,418.3324605330905,1.0,-3.2,38.215,91.68,38.497306631403696,close_unstuck_long
150,19700,HYPE,-0.6198381541777975,-0.024437313999999998,417.6881850649127,0.0,417.6881850649127,1.0,-3.19,38.303,88.49,38.497306631403696,close_unstuck_long
151,19701,HYPE,-1.1241812204918233,-0.024413440000000005,416.5395904044209,0.0,416.5395904044209,1.0,-3.2,38.146,85.29,38.497306631403696,close_unstuck_long
152,19702,HYPE,-1.3312081541777943,-0.024295039999999997,415.1840872102431,0.0,415.1840872102431,1.0,-3.19,38.08,82.1,38.497306631403696,close_unstuck_long
153,19703,HYPE,-1.4097150878637454,-0.024202344000000004,413.75016977837936,0.0,413.75016977837936,1.0,-3.18,38.054,78.92,38.497306631403696,close_unstuck_long
154,19708,HYPE,-1.4940420215497043,-0.024108484000000003,412.23201927282963,0.0,412.23201927282963,1.0,-3.17,38.026,75.75,38.497306631403696,close_unstuck_long
155,19709,HYPE,-1.3502889552356772,-0.024060240000000004,410.857670077594,0.0,410.857670077594,1.0,-3.16,38.07,72.59,38.497306631403696,close_unstuck_long
156,19710,HYPE,-0.8864428226075934,-0.023999020000000006,409.94722823498637,0.0,409.94722823498637,1.0,-3.14,38.215,69.45,38.497306631403696,close_unstuck_long
157,19711,HYPE,-0.9055297562935721,-0.023918208,409.0177802706928,0.0,409.0177802706928,1.0,-3.13,38.208,66.32,38.497306631403696,close_unstuck_long
158,19712,HYPE,-0.5999966899795312,-0.02390232,408.3938812607133,0.0,408.3938812607133,1.0,-3.12,38.305,63.2,38.497306631403696,close_unstuck_long
159,19713,HYPE,-0.47989362366548227,-0.023849346,407.8901382910478,0.0,407.8901382910478,1.0,-3.11,38.343,60.09,38.497306631403696,close_unstuck_long
160,19714,HYPE,-0.700703623665498,-0.023805183999999997,407.1656294833823,0.0,407.1656294833823,1.0,-3.11,38.272,56.98,38.497306631403696,close_unstuck_long
161,19765,HYPE,19.1910709899102,-0.161754166,426.1949463072925,0.0,426.1949463072925,1.0,-20.51,39.433,36.47,38.497306631403696,close_grid_long
162,19814,HYPE,21.91428662376267,-0.16969029200000002,447.9395426390552,0.0,447.9395426390552,1.0,-21.47,39.518,15.0,38.497306631403696,close_grid_long
163,19821,HYPE,16.555400528944553,-0.118803,464.3761401679998,0.0,464.3761401679998,1.0,-15.0,39.601,0.0,38.497306631403696,close_grid_long
164,19907,HYPE,0.0,-0.0772338,464.2989063679998,0.0,464.2989063679998,1.0,9.94,38.85,9.94,38.85,entry_initial_normal_long
165,19983,HYPE,0.0,-0.011014074,464.2878922939998,0.0,464.2878922939998,1.0,1.41,39.057,11.35,38.8757154185022,entry_trailing_cropped_long
166,20024,HYPE,12.794679999999996,-0.09080681,476.99176548399976,0.0,476.99176548399976,1.0,-11.35,40.003,0.0,38.8757154185022,close_grid_long
167,20385,HYPE,0.0,-0.07932264,476.91244284399977,0.0,476.91244284399977,1.0,10.05,39.464,10.05,39.464,entry_initial_normal_long
168,20422,HYPE,0.0,-0.011304336000000002,476.90113850799975,0.0,476.90113850799975,1.0,1.42,39.804,11.47,39.506092414995635,entry_trailing_cropped_long
169,20438,HYPE,13.143560000000079,-0.09325568800000002,489.95144281999984,0.0,489.95144281999984,1.0,-11.47,40.652,0.0,39.506092414995635,close_grid_long
170,20652,HYPE,0.0,-0.081521808,489.86992101199985,0.0,489.86992101199985,1.0,10.16,40.119,10.16,40.119,entry_initial_normal_long
171,20692,HYPE,0.0,-0.011601967999999999,489.85831904399987,0.0,489.85831904399987,1.0,1.42,40.852,11.58,40.208884283246974,entry_trailing_cropped_long
172,20767,HYPE,13.515200000000018,-0.095826816,503.27769222799986,0.0,503.27769222799986,1.0,-11.58,41.376,0.0,40.208884283246974,close_grid_long
173,21635,HYPE,0.0,-0.08375420400000001,503.19393802399986,0.0,503.19393802399986,1.0,10.07,41.586,10.07,41.586,entry_initial_normal_long
174,21804,HYPE,0.0,-0.011924352000000001,503.18201367199987,0.0,503.18201367199987,1.0,1.44,41.404,11.51,41.56323023457863,entry_trailing_cropped_long
175,21915,HYPE,0.0,-0.10345728,503.0785563919999,0.0,503.0785563919999,1.0,12.8,40.413,24.31,40.95759687371452,entry_grid_normal_long
176,21982,HYPE,0.0,-0.21485065800000003,502.8637057339999,0.0,502.8637057339999,1.0,27.03,39.743,51.34,40.31812368523568,entry_grid_normal_long
177,22184,HYPE,0.0,-0.4888198880000001,502.37488584599987,0.0,502.37488584599987,1.0,62.74,38.956,114.08,39.56900341865358,entry_grid_inflated_long
178,22185,HYPE,-2.4203528883239973,-0.029350958,499.9251819996759,0.0,499.9251819996759,1.0,-3.77,38.927,110.31,39.56900341865358,close_unstuck_long
179,22186,HYPE,-2.595012819950915,-0.029157750000000007,497.30101142972495,0.0,497.30101142972495,1.0,-3.75,38.877,106.56,39.56900341865358,close_unstuck_long
180,22187,HYPE,-2.5140327515778407,-0.02901567,494.7579630081471,0.0,494.7579630081471,1.0,-3.73,38.895,102.83,39.56900341865358,close_unstuck_long
181,22188,HYPE,-1.9499126490182392,-0.028891080000000006,492.77915927912886,0.0,492.77915927912886,1.0,-3.7,39.042,99.13,39.56900341865358,close_unstuck_long
182,22189,HYPE,-1.5304025464586337,-0.028737568,491.22001916467025,0.0,491.22001916467025,1.0,-3.67,39.152,95.46,39.56900341865358,close_unstuck_long
183,22190,HYPE,-1.4969525122721143,-0.02866512,489.69440153239816,0.0,489.69440153239816,1.0,-3.66,39.16,91.8,39.56900341865358,close_unstuck_long
184,22191,HYPE,-1.219412443899024,-0.028562352000000006,488.4464267364991,0.0,488.4464267364991,1.0,-3.64,39.234,88.16,39.56900341865358,close_unstuck_long
185,22192,HYPE,-1.3686524438990382,-0.028532504,487.04924178860006,0.0,487.04924178860006,1.0,-3.64,39.193,84.52,39.56900341865358,close_unstuck_long
186,22193,HYPE,-1.721732443899043,-0.028461888,485.29904745670103,0.0,485.29904745670103,1.0,-3.64,39.096,80.88,39.56900341865358,close_unstuck_long
187,22194,HYPE,-2.047332409712485,-0.028317630000000003,483.2233974169885,0.0,483.2233974169885,1.0,-3.63,39.005,77.25,39.56900341865358,close_unstuck_long
188,22195,HYPE,-1.8952623413394338,-0.028189768,481.29994530764907,0.0,481.29994530764907,1.0,-3.61,39.044,73.64,39.56900341865358,close_unstuck_long
189,22196,HYPE,-1.4970422729663475,-0.028111136000000002,479.77479189868274,0.0,479.77479189868274,1.0,-3.59,39.152,70.05,39.56900341865358,close_unstuck_long
190,22197,HYPE,-1.485712238779803,-0.028034264000000003,478.26104539590295,0.0,478.26104539590295,1.0,-3.58,39.154,66.47,39.56900341865358,close_unstuck_long
191,22451,HYPE,22.422429900946707,-0.18990483600000002,500.49357046084964,0.0,500.49357046084964,1.0,-23.43,40.526,43.04,39.56900341865358,close_grid_long
192,22471,HYPE,25.623316174614157,-0.19917105599999999,525.9177155794638,0.0,525.9177155794638,1.0,-24.52,40.614,18.52,39.56900341865358,close_grid_long
193,22475,HYPE,20.90901668653571,-0.150745392,546.6759868739995,0.0,546.6759868739995,1.0,-18.52,40.698,0.0,39.56900341865358,close_grid_long
194,22693,HYPE,0.0,-0.09097649399999999,546.5850103799995,0.0,546.5850103799995,1.0,11.41,39.867,11.41,39.867,entry_initial_normal_long
195,22755,HYPE,0.0,-0.012925428000000003,546.5720849519995,0.0,546.5720849519995,1.0,1.59,40.646,13.0,39.96227769230769,entry_trailing_cropped_long
196,22769,HYPE,15.076390000000067,-0.1069172,561.5415577519996,0.0,561.5415577519996,1.0,-13.0,41.122,0.0,39.96227769230769,close_grid_long
197,22960,HYPE,0.0,-0.09339842400000001,561.4481593279995,0.0,561.4481593279995,1.0,11.69,39.948,11.69,39.948,entry_initial_normal_long
198,23245,HYPE,0.0,-0.01334949,561.4348098379995,0.0,561.4348098379995,1.0,1.65,40.453,13.34,40.01046251874063,entry_trailing_cropped_long
199,23342,HYPE,15.48156999999997,-0.109844228,576.8065356099995,0.0,576.8065356099995,1.0,-13.34,41.171,0.0,40.01046251874063,close_grid_long
200,23646,HYPE,0.0,-0.095976144,576.7105594659995,0.0,576.7105594659995,1.0,11.88,40.394,11.88,40.394,entry_initial_normal_long
201,23757,HYPE,0.0,-0.013685315999999998,576.6968741499995,0.0,576.6968741499995,1.0,1.67,40.974,13.55,40.465483394833946,entry_trailing_cropped_long
202,23962,HYPE,15.914700000000042,-0.11284440000000003,592.4987297499996,0.0,592.4987297499996,1.0,-13.55,41.64,0.0,40.465483394833946,close_grid_long
203,24538,HYPE,0.0,-0.09855403200000001,592.4001757179996,0.0,592.4001757179996,1.0,11.43,43.112,11.43,43.112,entry_initial_normal_long
204,24545,HYPE,14.356080000000002,-0.10142524800000001,606.6548304699995,0.0,606.6548304699995,1.0,-11.43,44.368,0.0,43.112,close_grid_long
205,25040,HYPE,0.0,-0.10089851199999998,606.5539319579996,0.0,606.5539319579996,1.0,11.44,44.099,11.44,44.099,entry_initial_normal_long
206,25239,HYPE,0.0,-0.014454518,606.5394774399996,0.0,606.5394774399996,1.0,1.67,43.277,13.11,43.99429061784897,entry_trailing_cropped_long
207,25263,HYPE,0.0,-0.12465217800000002,606.4148252619996,0.0,606.4148252619996,1.0,14.57,42.777,27.68,43.353541907514455,entry_grid_normal_long
208,25285,HYPE,0.0,-0.25888647200000003,606.1559387899996,0.0,606.1559387899996,1.0,30.77,42.068,58.45,42.67679041916168,entry_grid_normal_long
209,25305,HYPE,0.0,-0.5894130900000001,605.5665256999996,0.0,605.5665256999996,1.0,71.47,41.235,129.92,41.883650323275866,entry_grid_inflated_long
210,25307,HYPE,-1.1120138739224306,-0.0353787,604.4191331260772,0.0,604.4191331260772,1.0,-4.25,41.622,125.67,41.883650323275866,close_unstuck_long
211,25308,HYPE,-1.0627573706896603,-0.035304784000000006,603.3210709713876,0.0,603.3210709713876,1.0,-4.24,41.633,121.43,41.883650323275866,close_unstuck_long
212,25309,HYPE,-1.6266773706896716,-0.035192,601.6592016006979,0.0,601.6592016006979,1.0,-4.24,41.5,117.19,41.883650323275866,close_unstuck_long
213,25310,HYPE,-1.1843443642241476,-0.035112932,600.4397443044737,0.0,600.4397443044737,1.0,-4.22,41.603,112.97,41.883650323275866,close_unstuck_long
214,25311,HYPE,-0.40077485452589195,-0.03501834400000001,600.0039511059479,0.0,600.0039511059479,1.0,-4.19,41.788,108.78,41.883650323275866,close_unstuck_long
215,25312,HYPE,0.4226281519396368,-0.03501549,600.3915637678875,0.0,600.3915637678875,1.0,-4.17,41.985,104.61,41.883650323275866,close_unstuck_long
216,25313,HYPE,1.0913746551724013,-0.035065472,601.4478729510599,0.0,601.4478729510599,1.0,-4.16,42.146,100.45,41.883650323275866,close_unstuck_long
217,25314,HYPE,0.714528151939638,-0.03507387,602.1273272329996,0.0,602.1273272329996,1.0,-4.17,42.055,96.28,41.883650323275866,close_unstuck_long
218,25315,HYPE,0.9230281519396262,-0.03511557,603.0152398149393,0.0,603.0152398149393,1.0,-4.17,42.105,92.11,41.883650323275866,close_unstuck_long
219,25316,HYPE,1.8859346551724117,-0.035224384000000004,604.8659500861116,0.0,604.8659500861116,1.0,-4.16,42.337,87.95,41.883650323275866,close_unstuck_long
220,25317,HYPE,2.07394815193964,-0.035345754,606.9045524840512,0.0,606.9045524840512,1.0,-4.17,42.381,83.78,41.883650323275866,close_unstuck_long
221,25318,HYPE,1.6858451454741277,-0.035435668000000003,608.5549619615254,0.0,608.5549619615254,1.0,-4.19,42.286,79.59,41.883650323275866,close_unstuck_long
222,25350,HYPE,28.546060393318815,-0.24168169800000003,636.8593406568442,0.0,636.8593406568442,1.0,-28.17,42.897,51.42,41.883650323275866,close_grid_long
223,25350,HYPE,30.99685039331891,-0.24217185600000005,667.6140191941631,0.0,667.6140191941631,1.0,-28.17,42.984,23.25,41.883650323275866,close_grid_long
224,25468,HYPE,27.745379983836074,-0.20030805000000002,695.1590911279992,0.0,695.1590911279992,1.0,-23.25,43.077,0.0,41.883650323275866,close_grid_long
225,25639,HYPE,0.0,-0.115628352,695.0434627759992,0.0,695.0434627759992,1.0,13.62,42.448,13.62,42.448,entry_initial_normal_long
226,26144,HYPE,0.0,-0.01653858,695.0269241959992,0.0,695.0269241959992,1.0,2.05,40.338,15.67,42.171962986598594,entry_trailing_cropped_long
227,26145,HYPE,0.0,-0.14050972000000003,694.8864144759992,0.0,694.8864144759992,1.0,17.42,40.33,33.09,41.20227440314294,entry_grid_normal_long
228,26189,HYPE,0.0,-0.294187556,694.5922269199992,0.0,694.5922269199992,1.0,36.79,39.982,69.88,40.55983171150544,entry_grid_normal_long
229,26222,HYPE,0.0,-0.6802163520000001,693.9120105679992,0.0,693.9120105679992,1.0,86.78,39.192,156.66,39.802137112217544,entry_grid_inflated_long
230,26223,HYPE,-1.775683385675984,-0.040481856000000004,692.0958453263232,0.0,692.0958453263232,1.0,-5.13,39.456,151.53,39.802137112217544,close_unstuck_long
231,26224,HYPE,-1.8541420145538359,-0.04038656,690.2013167517694,0.0,690.2013167517694,1.0,-5.12,39.44,146.41,39.802137112217544,close_unstuck_long
232,26226,HYPE,-1.5408992723094732,-0.04029,688.6201274794598,0.0,688.6201274794598,1.0,-5.1,39.5,141.31,39.802137112217544,close_unstuck_long
233,26227,HYPE,-0.710495158942952,-0.040217268,687.8694150525168,0.0,687.8694150525168,1.0,-5.07,39.662,136.24,39.802137112217544,close_unstuck_long
234,26228,HYPE,0.04970895442356721,-0.040130496,687.8789935109404,0.0,687.8789935109404,1.0,-5.04,39.812,131.2,39.802137112217544,close_unstuck_long
235,26229,HYPE,0.532490325545761,-0.040147448,688.3713363884862,0.0,688.3713363884862,1.0,-5.03,39.908,126.17,39.802137112217544,close_unstuck_long
236,26230,HYPE,-0.3245337878207739,-0.040214856,688.0065877446654,0.0,688.0065877446654,1.0,-5.06,39.738,121.11,39.802137112217544,close_unstuck_long
237,26231,HYPE,0.05990758330140408,-0.04021214,688.0262831879668,0.0,688.0262831879668,1.0,-5.05,39.814,116.06,39.802137112217544,close_unstuck_long
238,26232,HYPE,-0.21279241669860624,-0.0401576,687.7733331712682,0.0,687.7733331712682,1.0,-5.05,39.76,111.01,39.802137112217544,close_unstuck_long
239,26233,HYPE,-0.5168137878207573,-0.0401764,687.2163429834475,0.0,687.2163429834475,1.0,-5.06,39.7,105.95,39.802137112217544,close_unstuck_long
240,26234,HYPE,0.09002895442358068,-0.040138560000000004,687.266233377871,0.0,687.266233377871,1.0,-5.04,39.82,100.91,39.802137112217544,close_unstuck_long
241,26235,HYPE,0.22610895442358583,-0.040165776,687.4521765562946,0.0,687.4521765562946,1.0,-5.04,39.847,95.87,39.802137112217544,close_unstuck_long
242,26317,HYPE,0.0,-0.4710545480000001,686.9811220082946,0.0,686.9811220082946,1.0,61.42,38.347,157.29,39.23392221341659,entry_grid_cropped_long
243,26318,HYPE,-3.9227247319004297,-0.040097202,683.0183000743942,0.0,683.0183000743942,1.0,-5.21,38.481,152.08,39.23392221341659,close_unstuck_long
244,26319,HYPE,-3.126558621229608,-0.039864096,679.8518773571647,0.0,679.8518773571647,1.0,-5.16,38.628,146.92,39.23392221341659,close_unstuck_long
245,26320,HYPE,-2.872400954827113,-0.039679524,676.9397968783376,0.0,676.9397968783376,1.0,-5.13,38.674,141.79,39.23392221341659,close_unstuck_long
246,26321,HYPE,-2.3813032884245975,-0.03954234,674.518951249913,0.0,674.518951249913,1.0,-5.1,38.767,136.69,39.23392221341659,close_unstuck_long
247,26322,HYPE,-2.59041406629044,-0.03942205,671.8891151336226,0.0,671.8891151336226,1.0,-5.09,38.725,131.6,39.23392221341659,close_unstuck_long
248,26323,HYPE,-2.600515622022133,-0.039263094000000005,669.2493364176005,0.0,669.2493364176005,1.0,-5.07,38.721,126.53,39.23392221341659,close_unstuck_long
249,26324,HYPE,-3.599305622022111,-0.039063336000000004,665.6109674595784,0.0,665.6109674595784,1.0,-5.07,38.524,121.46,39.23392221341659,close_unstuck_long
250,26325,HYPE,-2.7857095113512753,-0.038833716,662.7864242322272,0.0,662.7864242322272,1.0,-5.02,38.679,116.44,39.23392221341659,close_unstuck_long
251,26326,HYPE,-2.016512622814619,-0.03867368400000001,660.7312379254126,0.0,660.7312379254126,1.0,-4.98,38.829,111.46,39.23392221341659,close_unstuck_long
252,26327,HYPE,-1.879454178546306,-0.03854416,658.8132395868663,0.0,658.8132395868663,1.0,-4.96,38.855,106.5,39.23392221341659,close_unstuck_long
253,26328,HYPE,-1.915264956412118,-0.038458530000000005,656.8595161004541,0.0,656.8595161004541,1.0,-4.95,38.847,101.55,39.23392221341659,close_unstuck_long
254,26329,HYPE,-2.0398357342779687,-0.038355148000000006,654.7813252181761,0.0,654.7813252181761,1.0,-4.94,38.821,96.61,39.23392221341659,close_unstuck_long
255,26330,HYPE,-2.198396512143809,-0.038244968,652.5446837380323,0.0,652.5446837380323,1.0,-4.93,38.788,91.68,39.23392221341659,close_unstuck_long
256,26442,HYPE,30.575508617315016,-0.2591739,682.8610184553473,0.0,682.8610184553473,1.0,-32.25,40.182,59.43,39.23392221341659,close_grid_long
257,26442,HYPE,33.187758617314884,-0.25969635,715.7890807226622,0.0,715.7890807226622,1.0,-32.25,40.263,27.18,39.23392221341659,close_grid_long
258,26442,HYPE,30.144734239337158,-0.21930454800000004,745.7145104139994,0.0,745.7145104139994,1.0,-27.18,40.343,0.0,39.23392221341659,close_grid_long
259,26554,HYPE,0.0,-0.12404685400000001,745.5904635599994,0.0,745.5904635599994,1.0,15.67,39.581,15.67,39.581,entry_initial_normal_long
260,26624,HYPE,0.0,-0.017702186,745.5727613739995,0.0,745.5727613739995,1.0,2.23,39.691,17.9,39.59470391061453,entry_trailing_cropped_long
261,27018,HYPE,20.554500000000004,-0.14585994000000002,765.9814014339995,0.0,765.9814014339995,1.0,-17.9,40.743,0.0,39.59470391061453,close_grid_long
262,27312,HYPE,0.0,-0.12739221,765.8540092239995,0.0,765.8540092239995,1.0,15.93,39.985,15.93,39.985,entry_initial_normal_long
263,27547,HYPE,0.0,-0.018178439999999997,765.8358307839994,0.0,765.8358307839994,1.0,2.38,38.19,18.31,39.75167941015838,entry_trailing_cropped_long
264,27548,HYPE,0.0,-0.155497464,765.6803333199995,0.0,765.6803333199995,1.0,20.36,38.187,38.67,38.92786578743211,entry_grid_normal_long
265,27590,HYPE,41.45242752521362,-0.30515439000000005,806.8276064552131,0.0,806.8276064552131,1.0,-38.13,40.015,0.54,38.92786578743211,close_grid_long
266,27591,HYPE,0.6302524747866594,-0.00433026,807.4535286699997,0.0,807.4535286699997,1.0,-0.54,40.095,0.0,38.92786578743211,close_grid_long
267,27647,HYPE,0.0,-0.13435891200000002,807.3191697579997,0.0,807.3191697579997,1.0,17.28,38.877,17.28,38.877,entry_initial_normal_long
268,27793,HYPE,0.0,-0.019147656000000002,807.3000221019997,0.0,807.3000221019997,1.0,2.46,38.918,19.74,38.88210942249241,entry_trailing_cropped_long
269,27929,HYPE,0.0,-0.165892728,807.1341293739997,0.0,807.1341293739997,1.0,21.94,37.806,41.68,38.31565451055663,entry_grid_normal_long
270,28100,HYPE,43.712909788867485,-0.32170484800000004,850.5253343148672,0.0,850.5253343148672,1.0,-40.84,39.386,0.84,38.31565451055663,close_grid_long
271,28120,HYPE,0.9654502111324365,-0.0066301200000000015,851.4841544059997,0.0,851.4841544059997,1.0,-0.84,39.465,0.0,38.31565451055663,close_grid_long
272,28241,HYPE,0.0,-0.141653484,851.3425009219997,0.0,851.3425009219997,1.0,18.31,38.682,18.31,38.682,entry_initial_normal_long
273,28468,HYPE,0.0,-0.020190192,851.3223107299997,0.0,851.3223107299997,1.0,2.64,38.239,20.95,38.626175656324584,entry_trailing_cropped_long
274,28711,HYPE,0.0,-0.17494050600000002,851.1473702239997,0.0,851.1473702239997,1.0,23.29,37.557,44.24,38.06331170886076,entry_grid_normal_long
275,28965,HYPE,0.0,-0.363282824,850.7840873999997,0.0,850.7840873999997,1.0,49.18,36.934,93.42,37.46879715264397,entry_grid_normal_long
276,29111,HYPE,0.0,-0.8273833620000002,849.9567040379998,0.0,849.9567040379998,1.0,114.27,36.203,207.69,36.772361885502434,entry_grid_inflated_long
277,29112,HYPE,-4.132202534546686,-0.04962524000000001,845.774876263453,0.0,845.774876263453,1.0,-6.86,36.17,200.83,36.772361885502434,close_unstuck_long
278,29114,HYPE,-3.7125480591265902,-0.04941499200000001,842.0129132123265,0.0,842.0129132123265,1.0,-6.82,36.228,194.01,36.772361885502434,close_unstuck_long
279,29115,HYPE,-3.0760299648514935,-0.049174572,838.887708675475,0.0,838.887708675475,1.0,-6.77,36.318,187.24,36.772361885502434,close_unstuck_long
280,29116,HYPE,-2.8938991082863823,-0.04899036400000001,835.9448192031886,0.0,835.9448192031886,1.0,-6.74,36.343,180.5,36.772361885502434,close_unstuck_long
281,29117,HYPE,-2.4918382517213105,-0.048850142000000006,833.4041308094672,0.0,833.4041308094672,1.0,-6.71,36.401,173.79,36.772361885502434,close_unstuck_long
282,29118,HYPE,-1.9433837763012245,-0.048665654,831.412081379166,0.0,831.412081379166,1.0,-6.67,36.481,167.12,36.772361885502434,close_unstuck_long
283,29119,HYPE,-2.067010157446189,-0.048567384000000005,829.2965038377198,0.0,829.2965038377198,1.0,-6.66,36.462,160.46,36.772361885502434,close_unstuck_long
284,29120,HYPE,-1.8549629197361486,-0.048462704,827.3930782139837,0.0,827.3930782139837,1.0,-6.64,36.493,153.82,36.772361885502434,close_unstuck_long
285,29121,HYPE,-1.5755720631710968,-0.04829794800000001,825.7692082028126,0.0,825.7692082028126,1.0,-6.61,36.534,147.21,36.772361885502434,close_unstuck_long
286,29122,HYPE,-1.7183884443160622,-0.048195840000000004,824.0026239184965,0.0,824.0026239184965,1.0,-6.6,36.512,140.61,36.772361885502434,close_unstuck_long
287,29124,HYPE,-2.696735682026101,-0.04814726000000001,821.2577409764704,0.0,821.2577409764704,1.0,-6.62,36.365,133.99,36.772361885502434,close_unstuck_long
288,29125,HYPE,-2.4999948254610365,-0.047965974,818.7097801770093,0.0,818.7097801770093,1.0,-6.59,36.393,127.4,36.772361885502434,close_unstuck_long
289,29126,HYPE,-2.2655739688959704,-0.047792224,816.3964139841133,0.0,816.3964139841133,1.0,-6.56,36.427,120.84,36.772361885502434,close_unstuck_long
290,29237,HYPE,38.3761044479753,-0.324211712,854.4483067200887,0.0,854.4483067200887,1.0,-43.04,37.664,77.8,36.772361885502434,close_grid_long
291,29911,HYPE,0.0,-0.6155320320000001,853.8327746880886,0.0,853.8327746880886,1.0,86.49,35.584,164.29,36.146752174156006,entry_grid_normal_long
292,29912,HYPE,-4.0710727408335865,-0.04986353200000001,849.7118384152551,0.0,849.7118384152551,1.0,-7.01,35.566,157.28,36.146752174156006,close_unstuck_long
293,29913,HYPE,-3.699342653867366,-0.049648704,845.9628470573878,0.0,845.9628470573878,1.0,-6.97,35.616,150.31,36.146752174156006,close_unstuck_long
294,29914,HYPE,-3.153805045159546,-0.04939634400000001,842.7596456682282,0.0,842.7596456682282,1.0,-6.92,35.691,143.39,36.146752174156006,close_unstuck_long
295,29916,HYPE,-3.5154775234180162,-0.049251716,839.1949164288102,0.0,839.1949164288102,1.0,-6.91,35.638,136.48,36.146752174156006,close_unstuck_long
296,29917,HYPE,-3.316507436451753,-0.04900233600000001,835.8294066563584,0.0,835.8294066563584,1.0,-6.87,35.664,129.61,36.146752174156006,close_unstuck_long
297,30052,HYPE,38.96838003258616,-0.33188545599999997,874.4659012329446,0.0,874.4659012329446,1.0,-44.83,37.016,84.78,36.146752174156006,close_grid_long
298,30053,HYPE,44.56662303208336,-0.34796986,918.6845544050279,0.0,918.6845544050279,1.0,-46.9,37.097,37.88,36.146752174156006,close_grid_long
299,30062,HYPE,38.950027642970376,-0.28163780000000005,957.3529442479983,0.0,957.3529442479983,1.0,-37.88,37.175,0.0,36.146752174156006,close_grid_long
300,30464,HYPE,0.0,-0.159246696,957.1936975519983,0.0,957.1936975519983,1.0,21.72,36.659,21.72,36.659,entry_initial_normal_long
301,30661,HYPE,0.0,-0.022754540000000004,957.1709430119982,0.0,957.1709430119982,1.0,3.35,33.962,25.07,36.298611088950935,entry_trailing_cropped_long
302,30662,HYPE,0.0,-0.18986716200000003,956.9810758499982,0.0,956.9810758499982,1.0,27.87,34.063,52.94,35.121684737438606,entry_grid_normal_long
303,30663,HYPE,0.0,-0.4004154000000001,956.5806604499982,0.0,956.5806604499982,1.0,58.85,34.02,111.79,34.54172099472224,entry_grid_normal_long
304,30945,HYPE,0.0,-0.94512132,955.6355391299982,0.0,955.6355391299982,1.0,141.57,33.38,253.36,33.89258600410483,entry_grid_inflated_long
305,30946,HYPE,-5.80782829452162,-0.055845764,949.7718650714766,0.0,949.7718650714766,1.0,-8.41,33.202,244.95,33.89258600410483,close_unstuck_long
306,30947,HYPE,-4.505995554152178,-0.055496064000000005,945.2103734533243,0.0,945.2103734533243,1.0,-8.32,33.351,236.63,33.89258600410483,close_unstuck_long
307,30948,HYPE,-5.614119694111133,-0.05520665400000001,939.5410471052132,0.0,939.5410471052132,1.0,-8.31,33.217,228.32,33.89258600410483,close_unstuck_long
308,30949,HYPE,-4.188796953741666,-0.05488165200000001,935.2973684994715,0.0,935.2973684994715,1.0,-8.22,33.383,220.1,33.89258600410483,close_unstuck_long
309,30950,HYPE,-4.045713513577468,-0.05463912800000001,931.197015857894,0.0,931.197015857894,1.0,-8.18,33.398,211.92,33.89258600410483,close_unstuck_long
310,30951,HYPE,-2.5076466332491205,-0.054404459999999995,928.6349647646449,0.0,928.6349647646449,1.0,-8.1,33.583,203.82,33.89258600410483,close_unstuck_long
311,30952,HYPE,-2.663054913166992,-0.05423780800000001,925.9176720434779,0.0,925.9176720434779,1.0,-8.08,33.563,195.74,33.89258600410483,close_unstuck_long
312,30953,HYPE,-1.731155612961773,-0.054085262,924.1324311685161,0.0,924.1324311685161,1.0,-8.03,33.677,187.71,33.89258600410483,close_unstuck_long
313,30954,HYPE,-2.0658397529207373,-0.05395053999999999,922.0126408755954,0.0,922.0126408755954,1.0,-8.02,33.635,179.69,33.89258600410483,close_unstuck_long
314,30956,HYPE,-4.09621905312598,-0.053883389999999996,917.8625384324694,0.0,917.8625384324694,1.0,-8.07,33.385,171.62,33.89258600410483,close_unstuck_long
315,30958,HYPE,-2.3428163127565553,-0.053624004,915.4660981157128,0.0,915.4660981157128,1.0,-7.98,33.599,163.64,33.89258600410483,close_unstuck_long
316,30959,HYPE,-1.495487012551282,-0.053454544,913.9171565591615,0.0,913.9171565591615,1.0,-7.93,33.704,155.71,33.89258600410483,close_unstuck_long
317,30960,HYPE,-1.8126870125512753,-0.053391104,912.0510784426102,0.0,912.0510784426102,1.0,-7.93,33.664,147.78,33.89258600410483,close_unstuck_long
318,31206,HYPE,42.748828165851286,-0.3621850080000001,954.4377216004615,0.0,954.4377216004615,1.0,-52.17,34.712,95.61,33.89258600410483,close_grid_long
319,31383,HYPE,48.880650035917256,-0.37981538400000003,1002.9385562523787,0.0,1002.9385562523787,1.0,-54.59,34.788,41.02,33.89258600410483,close_grid_long
320,31383,HYPE,39.60128211161983,-0.285975032,1042.2538633319984,0.0,1042.2538633319984,1.0,-41.02,34.858,0.0,33.89258600410483,close_grid_long
321,31862,HYPE,0.0,-0.17337574,1042.0804875919985,0.0,1042.0804875919985,1.0,25.1,34.537,25.1,34.537,entry_initial_normal_long
322,32077,HYPE,0.0,-0.024734376000000002,1042.0557532159985,0.0,1042.0557532159985,1.0,3.73,33.156,28.83,34.358327436697884,entry_trailing_cropped_long
323,32078,HYPE,0.0,-0.21295942999999998,1041.8427937859985,0.0,1041.8427937859985,1.0,32.05,33.223,60.88,33.76063945466491,entry_grid_normal_long
324,32105,HYPE,0.0,-0.44343936000000006,1041.3993544259986,0.0,1041.3993544259986,1.0,67.68,32.76,128.56,33.23385602053516,entry_grid_normal_long
325,32225,HYPE,0.0,-1.015188768,1040.3841656579987,0.0,1040.3841656579987,1.0,158.07,32.112,286.63,32.61517765062973,entry_grid_inflated_long
326,32226,HYPE,-4.821912351463551,-0.06080876400000001,1035.5014445425352,0.0,1035.5014445425352,1.0,-9.47,32.106,277.16,32.61517765062973,close_unstuck_long
327,32227,HYPE,-4.4902416924257995,-0.06048371599999999,1030.9507191341095,0.0,1030.9507191341095,1.0,-9.41,32.138,267.75,32.61517765062973,close_unstuck_long
328,32228,HYPE,-4.691666362906871,-0.060247740000000015,1026.1988050312027,0.0,1026.1988050312027,1.0,-9.38,32.115,258.37,32.61517765062973,close_unstuck_long
329,32229,HYPE,-5.035919256881696,-0.059917968,1021.102967806321,0.0,1021.102967806321,1.0,-9.34,32.076,249.03,32.61517765062973,close_unstuck_long
330,32230,HYPE,-4.939952150856482,-0.05967624000000001,1016.1033394154645,0.0,1016.1033394154645,1.0,-9.3,32.084,239.73,32.61517765062973,close_unstuck_long
331,32231,HYPE,-4.492281491818748,-0.059374392000000005,1011.5516835316457,0.0,1011.5516835316457,1.0,-9.24,32.129,230.49,32.61517765062973,close_unstuck_long
332,32232,HYPE,-4.739634385793525,-0.059064,1006.7529851458522,0.0,1006.7529851458522,1.0,-9.2,32.1,221.29,32.61517765062973,close_unstuck_long
333,32233,HYPE,-4.457675503262051,-0.058794240000000005,1002.2365154025902,0.0,1002.2365154025902,1.0,-9.15,32.128,212.14,32.61517765062973,close_unstuck_long
334,32234,HYPE,-5.20228372675576,-0.058580088,996.9756515878344,0.0,996.9756515878344,1.0,-9.14,32.046,203.0,32.61517765062973,close_unstuck_long
335,32235,HYPE,-5.40107484422426,-0.058214178000000005,991.51636256561,0.0,991.51636256561,1.0,-9.09,32.021,193.91,32.61517765062973,close_unstuck_long
336,32236,HYPE,-6.393933067717958,-0.05795037600000001,985.0644791218921,0.0,985.0644791218921,1.0,-9.08,31.911,184.83,32.61517765062973,close_unstuck_long
337,32237,HYPE,-5.815598855667581,-0.057544200000000004,979.1913360662245,0.0,979.1913360662245,1.0,-9.0,31.969,175.83,32.61517765062973,close_unstuck_long
338,32238,HYPE,-4.41598109060462,-0.057171820000000005,974.7181831556198,0.0,974.7181831556198,1.0,-8.9,32.119,166.93,32.61517765062973,close_unstuck_long
339,32341,HYPE,0.0,-0.6610768000000001,974.0571063556198,0.0,974.0571063556198,1.0,105.2,31.42,272.13,32.15314594208512,entry_grid_cropped_long
340,32342,HYPE,-6.886922235291161,-0.056884116000000005,967.1133000043286,0.0,967.1133000043286,1.0,-9.06,31.393,263.07,32.15314594208512,close_unstuck_long
341,32345,HYPE,-5.628187641082668,-0.0564928,961.4286195632459,0.0,961.4286195632459,1.0,-8.96,31.525,254.11,32.15314594208512,close_unstuck_long
342,32346,HYPE,-4.672175965715856,-0.056169552000000005,956.70027404553,0.0,956.70027404553,1.0,-8.88,31.627,245.23,32.15314594208512,close_unstuck_long
343,32347,HYPE,-3.183262830928182,-0.055888578,953.4611226366019,0.0,953.4611226366019,1.0,-8.79,31.791,236.44,32.15314594208512,close_unstuck_long
344,32348,HYPE,-4.899645749769876,-0.055673914000000005,948.505802972832,0.0,948.505802972832,1.0,-8.81,31.597,227.63,32.15314594208512,close_unstuck_long
345,32349,HYPE,-4.109075533823931,-0.055381884000000006,944.3413455550082,0.0,944.3413455550082,1.0,-8.74,31.683,218.89,32.15314594208512,close_unstuck_long
346,32350,HYPE,-4.759124074403074,-0.055187568,939.5270339126051,0.0,939.5270339126051,1.0,-8.73,31.608,210.16,32.15314594208512,close_unstuck_long
347,32351,HYPE,-2.4551065613528764,-0.054876695999999996,937.0170506552522,0.0,937.0170506552522,1.0,-8.61,31.868,201.55,32.15314594208512,close_unstuck_long
348,32352,HYPE,-1.7752407236694465,-0.054755444,935.1870544875827,0.0,935.1870544875827,1.0,-8.57,31.946,192.98,32.15314594208512,close_unstuck_long
349,32353,HYPE,-0.3841919671443779,-0.054647815999999995,934.7482147044383,0.0,934.7482147044383,1.0,-8.51,32.108,184.47,32.15314594208512,close_unstuck_long
350,32354,HYPE,0.3464424111182234,-0.05460102400000001,935.0400560915565,0.0,935.0400560915565,1.0,-8.48,32.194,175.99,32.15314594208512,close_unstuck_long
351,32356,HYPE,-1.1272048859860477,-0.054627826,933.8582233795704,0.0,933.8582233795704,1.0,-8.53,32.021,167.46,32.15314594208512,close_unstuck_long
352,32357,HYPE,-0.374799048302635,-0.054521082000000005,933.4289032492678,0.0,933.4289032492678,1.0,-8.49,32.109,158.97,32.15314594208512,close_unstuck_long
353,32378,HYPE,43.77762637944942,-0.370671336,976.8358582927173,0.0,976.8358582927173,1.0,-56.28,32.931,102.69,32.15314594208512,close_grid_long
354,32384,HYPE,50.056404011186565,-0.38877534,1026.503486963904,0.0,1026.503486963904,1.0,-58.9,33.003,43.79,32.15314594208512,close_grid_long
355,32385,HYPE,40.23661919609281,-0.28964457600000004,1066.4504615839967,0.0,1066.4504615839967,1.0,-43.79,33.072,0.0,32.15314594208512,close_grid_long
356,32641,HYPE,0.0,-0.17738664800000004,1066.2730749359966,0.0,1066.2730749359966,1.0,26.92,32.947,26.92,32.947,entry_initial_normal_long
357,32661,HYPE,0.0,-0.02531788,1066.2477570559965,0.0,1066.2477570559965,1.0,3.8,33.313,30.72,32.9922734375,entry_trailing_cropped_long
358,32760,HYPE,29.390639999999838,-0.208582656,1095.4298143999963,0.0,1095.4298143999963,1.0,-30.72,33.949,0.0,32.9922734375,close_grid_long
359,33083,HYPE,0.0,-0.18225768,1095.2475567199963,0.0,1095.2475567199963,1.0,27.28,33.405,27.28,33.405,entry_initial_normal_long
360,33154,HYPE,0.0,-0.025979136,1095.2215775839963,0.0,1095.2215775839963,1.0,3.84,33.827,31.12,33.457071979434446,entry_trailing_cropped_long
361,33170,HYPE,30.21527999999997,-0.21427987199999998,1125.2225777119963,0.0,1125.2225777119963,1.0,-31.12,34.428,0.0,33.457071979434446,close_grid_long
362,33244,HYPE,0.0,-0.187207224,1125.0353704879963,0.0,1125.0353704879963,1.0,28.02,33.406,28.02,33.406,entry_initial_normal_long
363,33303,HYPE,0.0,-0.026653279999999998,1125.0087172079964,0.0,1125.0087172079964,1.0,4.1,32.504,32.12,33.290863013698626,entry_trailing_cropped_long
364,33306,HYPE,0.0,-0.23118653999999997,1124.7775306679964,0.0,1124.7775306679964,1.0,35.71,32.37,67.83,32.80606250921421,entry_grid_normal_long
365,33351,HYPE,0.0,-0.48010530599999995,1124.2974253619964,0.0,1124.2974253619964,1.0,75.41,31.833,143.24,32.29378490645071,entry_grid_normal_long
366,33380,HYPE,55.89623666364153,-0.44708075599999997,1179.746581269638,0.0,1179.746581269638,1.0,-67.49,33.122,75.75,32.29378490645071,close_grid_long
367,33381,HYPE,63.611592925160686,-0.470131488,1242.8880427067986,0.0,1242.8880427067986,1.0,-70.82,33.192,4.93,32.29378490645071,close_grid_long
368,33381,HYPE,4.758510411197999,-0.032793374,1247.6137597439965,0.0,1247.6137597439965,1.0,-4.93,33.259,0.0,32.29378490645071,close_grid_long
369,33429,HYPE,0.0,-0.20757960000000003,1247.4061801439966,0.0,1247.4061801439966,1.0,31.74,32.7,31.74,32.7,entry_initial_normal_long
370,33489,HYPE,0.0,-0.029543124,1247.3766370199967,0.0,1247.3766370199967,1.0,4.47,33.046,36.21,32.742712510356256,entry_trailing_cropped_long
371,33518,HYPE,34.37369999999998,-0.243997464,1281.5063395559966,0.0,1281.5063395559966,1.0,-36.21,33.692,0.0,32.742712510356256,close_grid_long
372,34572,HYPE,0.0,-0.21317088,1281.2931686759966,0.0,1281.2931686759966,1.0,30.4,35.061,30.4,35.061,entry_initial_normal_long
373,34693,HYPE,0.0,-0.030400704000000004,1281.2627679719967,0.0,1281.2627679719967,1.0,4.32,35.186,34.72,35.0765529953917,entry_trailing_cropped_long
374,34767,HYPE,35.32576000000018,-0.250636736,1316.337891235997,0.0,1316.337891235997,1.0,-34.72,36.094,0.0,35.0765529953917,close_grid_long
375,34818,HYPE,0.0,-0.2189875,1316.118903735997,0.0,1316.118903735997,1.0,31.25,35.038,31.25,35.038,entry_initial_normal_long
376,34930,HYPE,0.0,-0.031205479999999997,1316.087698255997,0.0,1316.087698255997,1.0,4.6,33.919,35.85,34.89441841004184,entry_trailing_cropped_long
377,34931,HYPE,0.0,-0.27041413000000003,1315.817284125997,0.0,1315.817284125997,1.0,39.85,33.929,75.7,34.38620277410833,entry_grid_normal_long
378,34969,HYPE,71.19775821664408,-0.5243932560000001,1386.490649086641,0.0,1386.490649086641,1.0,-74.18,35.346,1.52,34.38620277410833,close_grid_long
379,34970,HYPE,1.5668117833553459,-0.010766768000000001,1388.0466941019963,0.0,1388.0466941019963,1.0,-1.52,35.417,0.0,34.38620277410833,close_grid_long
380,35420,HYPE,0.0,-0.23092075999999997,1387.8157733419964,0.0,1387.8157733419964,1.0,31.55,36.596,31.55,36.596,entry_initial_normal_long
381,35456,HYPE,0.0,-0.032890988,1387.7828823539965,0.0,1387.7828823539965,1.0,4.42,37.207,35.97,36.67107978871282,entry_trailing_cropped_long
382,35725,HYPE,38.269209999999966,-0.27146559,1425.7806267639965,0.0,1425.7806267639965,1.0,-35.97,37.735,0.0,36.67107978871282,close_grid_long
383,35855,HYPE,0.0,-0.237197196,1425.5434295679966,0.0,1425.5434295679966,1.0,32.22,36.809,32.22,36.809,entry_initial_normal_long
384,35937,HYPE,0.0,-0.033825724,1425.5096038439965,0.0,1425.5096038439965,1.0,4.54,37.253,36.76,36.863835690968436,entry_trailing_cropped_long
385,36244,HYPE,39.30248000000028,-0.278883416,1464.5332004279967,0.0,1464.5332004279967,1.0,-36.76,37.933,0.0,36.863835690968436,close_grid_long
386,36547,HYPE,0.0,-0.24362657599999998,1464.2895738519967,0.0,1464.2895738519967,1.0,32.72,37.229,32.72,37.229,entry_initial_normal_long
387,36610,HYPE,0.0,-0.034726688,1464.2548471639966,0.0,1464.2548471639966,1.0,4.64,37.421,37.36,37.25284582441113,entry_trailing_cropped_long
388,36938,HYPE,40.391920000000226,-0.28643164800000004,1504.360335515997,0.0,1504.360335515997,1.0,-37.36,38.334,0.0,37.25284582441113,close_grid_long
389,37134,HYPE,0.0,-0.2502984,1504.1100371159969,0.0,1504.1100371159969,1.0,33.44,37.425,33.44,37.425,entry_initial_normal_long
390,37257,HYPE,0.0,-0.035679192,1504.0743579239968,0.0,1504.0743579239968,1.0,4.71,37.876,38.15,37.480680471821756,entry_trailing_cropped_long
391,37508,HYPE,41.519390000000094,-0.29428147,1545.299466453997,0.0,1545.299466453997,1.0,-38.15,38.569,0.0,37.480680471821756,close_grid_long
392,37669,HYPE,0.0,-0.257097312,1545.042369141997,0.0,1545.042369141997,1.0,34.04,37.764,34.04,37.764,entry_initial_normal_long
393,37686,HYPE,0.0,-0.036658934,1545.005710207997,0.0,1545.005710207997,1.0,4.81,38.107,38.85,37.806466666666665,entry_trailing_cropped_long
394,37871,HYPE,0.0,-0.31753288,1544.688177327997,0.0,1544.688177327997,1.0,43.19,36.76,82.04,37.2555537542662,entry_grid_normal_long
395,39305,HYPE,0.0,-0.6593942400000001,1544.028783087997,0.0,1544.028783087997,1.0,91.2,36.151,173.24,36.6740754444701,entry_grid_normal_long
396,39493,HYPE,76.79826222235074,-0.6140272600000001,1620.2130180503477,0.0,1620.2130180503477,1.0,-81.62,37.615,91.62,36.6740754444701,close_grid_long
397,39734,HYPE,0.0,-0.7247645999999999,1619.4882534503477,0.0,1619.4882534503477,1.0,101.85,35.58,193.47,36.0981123286419,entry_grid_normal_long
398,40218,HYPE,79.82869077801351,-0.643856304,1698.6730879243612,0.0,1698.6730879243612,1.0,-86.97,37.016,106.5,36.0981123286419,close_grid_long
399,40220,HYPE,90.93609338128546,-0.67676118,1788.9324201256466,0.0,1788.9324201256466,1.0,-91.22,37.095,15.28,36.0981123286419,close_grid_long
400,40221,HYPE,16.378443618351742,-0.11359152,1805.1972722239982,0.0,1805.1972722239982,1.0,-15.28,37.17,0.0,36.0981123286419,close_grid_long
401,40590,HYPE,0.0,-0.30033829800000006,1804.8969339259982,0.0,1804.8969339259982,1.0,41.27,36.387,41.27,36.387,entry_initial_normal_long
402,40644,HYPE,0.0,-0.04275876,1804.8541751659982,0.0,1804.8541751659982,1.0,5.8,36.861,47.07,36.44540662842575,entry_trailing_cropped_long
403,42261,HYPE,49.78091999999992,-0.353053242,1854.2820419239981,0.0,1854.2820419239981,1.0,-47.07,37.503,0.0,36.44540662842575,close_grid_long
404,43625,HYPE,0.0,-0.308498022,1853.973543901998,0.0,1853.973543901998,1.0,40.41,38.171,40.41,38.171,entry_initial_normal_long
405,43870,HYPE,0.0,-0.043934799999999996,1853.929609101998,0.0,1853.929609101998,1.0,5.68,38.675,46.09,38.23311152093729,entry_trailing_cropped_long
406,43930,HYPE,51.15476000000036,-0.36266377400000005,1904.7217053279985,0.0,1904.7217053279985,1.0,-46.09,39.343,0.0,38.23311152093729,close_grid_long
407,44516,HYPE,0.0,-0.316869436,1904.4048358919986,0.0,1904.4048358919986,1.0,39.91,39.698,39.91,39.698,entry_initial_normal_long
408,44815,HYPE,0.0,-0.04521290000000001,1904.3596229919985,0.0,1904.3596229919985,1.0,5.62,40.225,45.53,39.76305029650779,entry_trailing_cropped_long
409,45228,HYPE,52.49380000000007,-0.372581096,1956.4808418959985,0.0,1956.4808418959985,1.0,-45.53,40.916,0.0,39.76305029650779,close_grid_long
410,45353,HYPE,0.0,-0.32546976000000005,1956.1553721359985,0.0,1956.1553721359985,1.0,40.7,39.984,40.7,39.984,entry_initial_normal_long
411,45534,HYPE,0.0,-0.046383480000000005,1956.1089886559985,0.0,1956.1089886559985,1.0,5.83,39.78,46.53,39.95843971631206,entry_trailing_cropped_long
412,45761,HYPE,0.0,-0.401973138,1955.7070155179986,0.0,1955.7070155179986,1.0,51.73,38.853,98.26,39.376469468756355,entry_grid_normal_long
413,46548,HYPE,0.0,-0.8347902320000001,1954.8722252859986,0.0,1954.8722252859986,1.0,109.24,38.209,207.5,38.761846024096386,entry_grid_normal_long
414,46604,HYPE,0.0,-1.901138424,1952.9710868619986,0.0,1952.9710868619986,1.0,253.81,37.452,461.31,38.041176584075785,entry_grid_inflated_long
415,46605,HYPE,-8.079195843792723,-0.11410542000000001,1944.7777855982058,0.0,1944.7777855982058,1.0,-15.21,37.51,446.1,38.041176584075785,close_unstuck_long
416,46607,HYPE,-7.799773482907337,-0.11362872800000003,1936.8643833872984,0.0,1936.8643833872984,1.0,-15.14,37.526,430.96,38.041176584075785,close_unstuck_long
417,46608,HYPE,-9.422429951225883,-0.11315203199999999,1927.3288014040725,0.0,1927.3288014040725,1.0,-15.12,37.418,415.84,38.041176584075785,close_unstuck_long
418,46609,HYPE,-10.144771122022052,-0.11262715200000001,1917.0714031300504,0.0,1917.0714031300504,1.0,-15.07,37.368,400.77,38.041176584075785,close_unstuck_long
419,46610,HYPE,-10.367648761136756,-0.11205000000000001,1906.5917043689137,0.0,1906.5917043689137,1.0,-15.0,37.35,385.77,38.041176584075785,close_unstuck_long
420,46611,HYPE,-9.732331102729228,-0.11141624,1896.7479570261844,0.0,1896.7479570261844,1.0,-14.9,37.388,370.87,38.041176584075785,close_unstuck_long
421,46612,HYPE,-8.719813444321648,-0.11085792,1887.9172856618627,0.0,1887.9172856618627,1.0,-14.8,37.452,356.07,38.041176584075785,close_unstuck_long
422,46613,HYPE,-9.501604615117854,-0.11032114999999999,1878.305359896745,0.0,1878.305359896745,1.0,-14.75,37.397,341.32,38.041176584075785,close_unstuck_long
423,46614,HYPE,-8.660736956710211,-0.1097285,1869.5348944400348,0.0,1869.5348944400348,1.0,-14.65,37.45,326.67,38.041176584075785,close_unstuck_long
424,46615,HYPE,-8.683626361665736,-0.109267428,1860.7420006503692,0.0,1860.7420006503692,1.0,-14.59,37.446,312.08,38.041176584075785,close_unstuck_long
425,46616,HYPE,-8.917844000780406,-0.108688008,1851.7154686415888,0.0,1851.7154686415888,1.0,-14.52,37.427,297.56,38.041176584075785,close_unstuck_long
426,46617,HYPE,-8.909913405735896,-0.1082331,1842.697322135853,0.0,1842.697322135853,1.0,-14.46,37.425,283.1,38.041176584075785,close_unstuck_long
427,46618,HYPE,-10.904749874054318,-0.10768196800000002,1831.6848902937986,0.0,1831.6848902937986,1.0,-14.44,37.286,268.66,38.041176584075785,close_unstuck_long
428,47802,HYPE,85.57629764236607,-0.727267944,1916.5339199921648,0.0,1916.5339199921648,1.0,-93.34,38.958,175.32,38.041176584075785,close_grid_long
429,47856,HYPE,97.848093033318,-0.762665962,2013.6193470634828,0.0,2013.6193470634828,1.0,-97.67,39.043,77.65,38.041176584075785,close_grid_long
430,47857,HYPE,84.08123824651547,-0.6075957200000001,2097.092989589998,0.0,2097.092989589998,1.0,-77.65,39.124,0.0,38.041176584075785,close_grid_long
431,49090,HYPE,0.0,-0.34890464000000004,2096.744084949998,0.0,2096.744084949998,1.0,43.6,40.012,43.6,40.012,entry_initial_normal_long
432,49148,HYPE,0.0,-0.049729895999999996,2096.694355053998,0.0,2096.694355053998,1.0,6.12,40.629,49.72,40.08794609814964,entry_trailing_cropped_long
433,50070,HYPE,0.0,-0.430873866,2096.263481187998,0.0,2096.263481187998,1.0,55.27,38.979,104.99,39.50416239641871,entry_grid_normal_long
434,50226,HYPE,0.0,-0.894845552,2095.368635635998,0.0,2095.368635635998,1.0,116.72,38.333,221.71,38.88759988272969,entry_grid_normal_long
435,50743,HYPE,0.0,-2.0376380199999997,2093.330997615998,0.0,2093.330997615998,1.0,271.15,37.574,492.86,38.16491472223349,entry_grid_inflated_long
436,50744,HYPE,-9.913131677961266,-0.12228233600000002,2083.295583602037,0.0,2083.295583602037,1.0,-16.28,37.556,476.58,38.16491472223349,close_unstuck_long
437,50745,HYPE,-8.800540205737837,-0.12174155600000001,2074.373301840299,0.0,2074.373301840299,1.0,-16.18,37.621,460.4,38.16491472223349,close_unstuck_long
438,50746,HYPE,-6.482831291847476,-0.12121281000000002,2067.7692577384514,0.0,2067.7692577384514,1.0,-16.05,37.761,444.35,38.16491472223349,close_unstuck_long
439,50747,HYPE,-8.601431291847556,-0.12078908999999999,2059.047037356604,0.0,2059.047037356604,1.0,-16.05,37.629,428.3,38.16491472223349,close_unstuck_long
440,50748,HYPE,-7.776028114068885,-0.12034353200000002,2051.150665710535,0.0,2051.150665710535,1.0,-15.97,37.678,412.33,38.16491472223349,close_unstuck_long
441,50750,HYPE,-9.29748981962416,-0.11988658,2041.733289310911,0.0,2041.733289310911,1.0,-15.95,37.582,396.38,38.16491472223349,close_unstuck_long
442,50751,HYPE,-9.39960578906782,-0.11933184800000002,2032.214351673843,0.0,2032.214351673843,1.0,-15.88,37.573,380.5,38.16491472223349,close_unstuck_long
443,50752,HYPE,-9.178452611289098,-0.11876544000000001,2022.917133622554,0.0,2022.917133622554,1.0,-15.8,37.584,364.7,38.16491472223349,close_unstuck_long
444,50753,HYPE,-9.521357727955102,-0.11823888000000002,2013.277537014599,0.0,2013.277537014599,1.0,-15.74,37.56,348.96,38.16491472223349,close_unstuck_long
445,50754,HYPE,-8.919165402954143,-0.11767235000000001,2004.2406992616447,0.0,2004.2406992616447,1.0,-15.65,37.595,333.31,38.16491472223349,close_unstuck_long
446,50755,HYPE,-7.411254783508403,-0.11713430400000001,1996.7123101741363,0.0,1996.7123101741363,1.0,-15.54,37.688,317.77,38.16491472223349,close_unstuck_long
447,50756,HYPE,-7.068470752952121,-0.11666855200000001,1989.5271708691841,0.0,1989.5271708691841,1.0,-15.47,37.708,302.3,38.16491472223349,close_unstuck_long
448,50757,HYPE,-8.35713245850739,-0.11625816,1981.0537802506767,0.0,1981.0537802506767,1.0,-15.45,37.624,286.85,38.16491472223349,close_unstuck_long
449,51181,HYPE,92.68881150164371,-0.786644836,2072.9559469163205,0.0,2072.9559469163205,1.0,-100.63,39.086,186.22,38.16491472223349,close_grid_long
450,51234,HYPE,105.93071889603574,-0.824862918,2178.0618028943563,0.0,2178.0618028943563,1.0,-105.29,39.171,80.93,38.16491472223349,close_grid_long
451,51242,HYPE,88.05874152964364,-0.6353490580000001,2265.485195366,0.0,2265.485195366,1.0,-80.93,39.253,0.0,38.16491472223349,close_grid_long
452,52201,HYPE,0.0,-0.37686176000000005,2265.108333606,0.0,2265.108333606,1.0,48.4,38.932,48.4,38.932,entry_initial_normal_long
453,52513,HYPE,0.0,-0.05378412,2265.0545494860003,0.0,2265.0545494860003,1.0,6.9,38.974,55.3,38.93724050632912,entry_trailing_cropped_long
454,54296,HYPE,62.47569999999977,-0.44314101999999994,2327.0871084660002,0.0,2327.0871084660002,1.0,-55.3,40.067,0.0,38.93724050632912,close_grid_long
455,55107,HYPE,0.0,-0.387125088,2326.699983378,0.0,2326.699983378,1.0,49.44,39.151,49.44,39.151,entry_initial_normal_long
456,55249,HYPE,0.0,-0.055179915999999996,2326.6448034620003,0.0,2326.6448034620003,1.0,7.01,39.358,56.45,39.17670540301151,entry_trailing_cropped_long
457,55646,HYPE,0.0,-0.47814333600000003,2326.1666601260004,0.0,2326.1666601260004,1.0,62.76,38.093,119.21,38.60617146212566,entry_grid_normal_long
458,55692,HYPE,0.0,-0.992941266,2325.1737188600005,0.0,2325.1737188600005,1.0,132.53,37.461,251.74,38.003289226980215,entry_grid_normal_long
459,56659,HYPE,115.61044478787692,-0.9246361160000001,2439.8595275318776,0.0,2439.8595275318776,1.0,-118.61,38.978,133.13,38.003289226980215,close_grid_long
460,56671,HYPE,131.64268281004246,-0.972306412,2570.5299039299202,0.0,2570.5299039299202,1.0,-124.46,39.061,8.67,38.003289226980215,close_grid_long
461,57013,HYPE,9.846612402081563,-0.06786702600000001,2580.308649306002,0.0,2580.308649306002,1.0,-8.67,39.139,0.0,38.003289226980215,close_grid_long
462,59022,HYPE,0.0,-0.429290442,2579.879358864002,0.0,2579.879358864002,1.0,52.29,41.049,52.29,41.049,entry_initial_normal_long
463,59207,HYPE,0.0,-0.061143936,2579.818214928002,0.0,2579.818214928002,1.0,7.36,41.538,59.65,41.109335959765296,entry_trailing_cropped_long
464,59394,HYPE,71.14241000000005,-0.50466286,2650.455962068002,0.0,2650.455962068002,1.0,-59.65,42.302,0.0,41.109335959765296,close_grid_long
465,61153,HYPE,0.0,-0.440947326,2650.015014742002,0.0,2650.015014742002,1.0,48.41,45.543,48.41,45.543,entry_initial_normal_long
466,61248,HYPE,0.0,-0.062878346,2649.952136396002,0.0,2649.952136396002,1.0,6.83,46.031,55.24,45.60333743664012,entry_trailing_cropped_long
467,61728,HYPE,73.06388000000001,-0.518438448,2722.497577948002,0.0,2722.497577948002,1.0,-55.24,46.926,0.0,45.60333743664012,close_grid_long
468,62047,HYPE,0.0,-0.4528874,2722.044690548002,0.0,2722.044690548002,1.0,49.0,46.213,49.0,46.213,entry_initial_normal_long
469,62143,HYPE,0.0,-0.06460416,2721.9800863880023,0.0,2721.9800863880023,1.0,7.01,46.08,56.01,46.19635422246028,entry_trailing_cropped_long
470,62791,HYPE,75.08956999999971,-0.5325094739999999,2796.537146914002,0.0,2796.537146914002,1.0,-56.01,47.537,0.0,46.19635422246028,close_grid_long
471,64070,HYPE,0.0,-0.46526850999999997,2796.071878404002,0.0,2796.071878404002,1.0,48.41,48.055,48.41,48.055,entry_initial_normal_long
472,64158,HYPE,0.0,-0.06630216,2796.005576244002,0.0,2796.005576244002,1.0,6.81,48.68,55.22,48.13207805143064,entry_trailing_cropped_long
473,64218,HYPE,77.08281000000002,-0.546987232,2872.541399012002,0.0,2872.541399012002,1.0,-55.22,49.528,0.0,48.13207805143064,close_grid_long
474,64593,HYPE,0.0,-0.47791376999999996,2872.0634852420017,0.0,2872.0634852420017,1.0,49.05,48.717,49.05,48.717,entry_initial_normal_long
475,64809,HYPE,0.0,-0.068056396,2871.9954288460017,0.0,2871.9954288460017,1.0,6.98,48.751,56.03,48.72123558807781,entry_trailing_cropped_long
476,65122,HYPE,0.0,-0.590172834,2871.4052560120017,0.0,2871.4052560120017,1.0,62.29,47.373,118.32,48.01145199459094,entry_grid_normal_long
477,65302,HYPE,0.0,-1.225637104,2870.179618908002,0.0,2870.179618908002,1.0,131.54,46.588,249.86,47.26206883854958,entry_grid_normal_long
478,67094,HYPE,142.68065563755744,-1.141368804,3011.7189057415594,0.0,3011.7189057415594,1.0,-117.73,48.474,132.13,47.26206883854958,close_grid_long
479,67100,HYPE,162.3099163739703,-1.2001186560000001,3172.8287034595296,0.0,3172.8287034595296,1.0,-123.53,48.576,8.6,47.26206883854958,close_grid_long
480,67454,HYPE,0.0,-0.180976788,3172.6477266715297,0.0,3172.6477266715297,1.0,18.86,47.979,27.46,47.75446948330394,entry_trailing_normal_long
481,68011,HYPE,0.0,-0.34090317000000003,3172.30682350153,0.0,3172.30682350153,1.0,35.55,47.947,63.01,47.86309446137956,entry_trailing_cropped_long
482,68447,HYPE,0.0,-0.6520113900000001,3171.6548121115297,0.0,3171.6548121115297,1.0,70.05,46.539,133.06,47.166019329712356,entry_grid_normal_long
483,68600,HYPE,0.0,-1.353970928,3170.30084118353,0.0,3170.30084118353,1.0,147.92,45.767,280.98,46.429515168380405,entry_grid_normal_long
484,69726,HYPE,0.0,-3.0827581979999996,3167.2180829855297,0.0,3167.2180829855297,1.0,343.59,44.861,624.57,45.56663970733709,entry_grid_inflated_long
485,69727,HYPE,-21.094836721391292,-0.18506485400000003,3145.9381814101384,0.0,3145.9381814101384,1.0,-20.77,44.551,603.8,45.56663970733709,close_unstuck_long
486,69728,HYPE,-8.132668044309725,-0.18382969000000005,3137.6216836758285,0.0,3137.6216836758285,1.0,-20.35,45.167,583.45,45.56663970733709,close_unstuck_long
487,69729,HYPE,-1.362940102842292,-0.18336097,3136.0753826029863,0.0,3136.0753826029863,1.0,-20.15,45.499,563.3,45.56663970733709,close_unstuck_long
488,69730,HYPE,-2.04804010284227,-0.18322395,3133.8441185501442,0.0,3133.8441185501442,1.0,-20.15,45.465,543.15,45.56663970733709,close_unstuck_long
489,69731,HYPE,1.0107310737445743,-0.18310663800000002,3134.6717429858886,0.0,3134.6717429858886,1.0,-20.07,45.617,523.08,45.56663970733709,close_unstuck_long
490,69732,HYPE,-1.5628873086956534,-0.18313871399999998,3132.925716963193,0.0,3132.925716963193,1.0,-20.13,45.489,502.95,45.56663970733709,close_unstuck_long
491,69733,HYPE,-4.331429294062517,-0.18304067200000002,3128.41124699713,0.0,3128.41124699713,1.0,-20.18,45.352,482.77,45.56663970733709,close_unstuck_long
492,69734,HYPE,-3.193417308695572,-0.18281260800000002,3125.0350170804345,0.0,3125.0350170804345,1.0,-20.13,45.408,462.64,45.56663970733709,close_unstuck_long
493,69735,HYPE,-1.5381589262553321,-0.18259686000000003,3123.3142612941792,0.0,3123.3142612941792,1.0,-20.07,45.49,442.57,45.56663970733709,close_unstuck_long
494,69737,HYPE,-0.7743397350352856,-0.182476224,3122.357445335144,0.0,3122.357445335144,1.0,-20.04,45.528,422.53,45.56663970733709,close_unstuck_long
495,69738,HYPE,-0.3733533379618521,-0.18246528800000003,3121.801626709182,0.0,3121.801626709182,1.0,-20.03,45.548,402.5,45.56663970733709,close_unstuck_long
496,69739,HYPE,-2.7437253233287486,-0.18244688,3118.875454505853,0.0,3118.875454505853,1.0,-20.08,45.43,382.42,45.56663970733709,close_unstuck_long
497,69766,HYPE,145.60873723344187,-1.2383692320000002,3263.245822507295,0.0,3263.245822507295,1.0,-132.69,46.664,249.73,45.56663970733709,close_grid_long
498,69769,HYPE,166.50718943039172,-1.2985047560000003,3428.454507181687,0.0,3428.454507181687,1.0,-138.83,46.766,110.9,45.56663970733709,close_grid_long
499,69770,HYPE,143.7663564563168,-1.03942134,3571.1814422980037,0.0,3571.1814422980037,1.0,-110.9,46.863,0.0,45.56663970733709,close_grid_long
500,69922,HYPE,0.0,-0.594118382,3570.5873239160037,0.0,3570.5873239160037,1.0,64.87,45.793,64.87,45.793,entry_initial_normal_long
501,69966,HYPE,0.0,-0.084679596,3570.5026443200036,0.0,3570.5026443200036,1.0,9.27,45.674,74.14,45.77812098732129,entry_trailing_cropped_long
502,70248,HYPE,98.44894999999988,-0.6984877680000001,3668.2531065520034,0.0,3668.2531065520034,1.0,-74.14,47.106,0.0,45.77812098732129,close_grid_long
503,70450,HYPE,0.0,-0.61020768,3667.6428988720036,0.0,3667.6428988720036,1.0,66.35,45.984,66.35,45.984,entry_initial_normal_long
504,70997,HYPE,0.0,-0.08706001600000002,3667.5558388560034,0.0,3667.5558388560034,1.0,9.74,44.692,76.09,45.81861584965173,entry_trailing_cropped_long
505,71001,HYPE,0.0,-0.7537138180000001,3666.8021250380034,0.0,3666.8021250380034,1.0,84.59,44.551,160.68,45.15127937515559,entry_grid_normal_long
506,71077,HYPE,0.0,-1.5652275119999999,3665.2368975260033,0.0,3665.2368975260033,1.0,178.63,43.812,339.31,44.446214759364594,entry_grid_normal_long
507,73333,HYPE,182.20606856797582,-1.4574755920000002,3845.9854905019793,0.0,3845.9854905019793,1.0,-159.86,45.586,179.45,44.446214759364594,close_grid_long
508,73345,HYPE,207.45835626418304,-1.5325732840000001,4051.9112734821624,0.0,4051.9112734821624,1.0,-167.74,45.683,11.71,44.446214759364594,close_grid_long
509,73519,HYPE,15.548365167840618,-0.10720270800000001,4067.352435942003,0.0,4067.352435942003,1.0,-11.71,45.774,0.0,44.446214759364594,close_grid_long
510,74086,HYPE,0.0,-0.6766034400000001,4066.6758325020032,0.0,4066.6758325020032,1.0,73.68,45.915,73.68,45.915,entry_initial_normal_long
511,74167,HYPE,0.0,-0.09649152000000001,4066.579340982003,0.0,4066.579340982003,1.0,10.47,46.08,84.15,45.93552941176471,entry_trailing_cropped_long
512,74609,HYPE,112.12739999999955,-0.7955204400000001,4177.911220542002,0.0,4177.911220542002,1.0,-84.15,47.268,0.0,45.93552941176471,close_grid_long
513,75042,HYPE,0.0,-0.6950685600000001,4177.216151982002,0.0,4177.216151982002,1.0,74.7,46.524,74.7,46.524,entry_initial_normal_long
514,75072,HYPE,0.0,-0.09903783199999999,4177.117114150002,0.0,4177.117114150002,1.0,10.51,47.116,85.21,46.597018659781725,entry_trailing_cropped_long
515,75314,HYPE,0.0,-0.8584053680000001,4176.258708782002,0.0,4176.258708782002,1.0,94.73,45.308,179.94,45.91841058130488,entry_grid_normal_long
516,75419,HYPE,0.0,-1.7826364560000003,4174.476072326002,0.0,4174.476072326002,1.0,200.04,44.557,379.98,45.20169766829832,entry_grid_normal_long
517,75767,HYPE,0.0,-4.05959125,4170.416481076002,0.0,4170.416481076002,1.0,464.75,43.675,844.73,44.361745563671235,entry_grid_inflated_long
518,75768,HYPE,-19.24390122642754,-0.24368975999999998,4150.928890089574,0.0,4150.928890089574,1.0,-27.9,43.672,816.83,44.361745563671235,close_unstuck_long
519,75769,HYPE,-11.865275012962739,-0.24259250400000001,4138.821022572612,0.0,4138.821022572612,1.0,-27.61,43.932,789.22,44.361745563671235,close_unstuck_long
520,75770,HYPE,-5.304753533318435,-0.24186396799999998,4133.274405071294,0.0,4133.274405071294,1.0,-27.38,44.168,761.84,44.361745563671235,close_unstuck_long
521,75771,HYPE,-4.9689237107715725,-0.24157624000000003,4128.063905120522,0.0,4128.063905120522,1.0,-27.34,44.18,734.5,44.361745563671235,close_unstuck_long
522,75772,HYPE,-3.8940989769512586,-0.24125886400000002,4123.92854727957,0.0,4123.92854727957,1.0,-27.28,44.219,707.22,44.361745563671235,close_unstuck_long
523,75773,HYPE,-0.6182244205842045,-0.241026804,4123.069296054986,0.0,4123.069296054986,1.0,-27.18,44.339,680.04,44.361745563671235,close_unstuck_long
524,75774,HYPE,2.6084952245094883,-0.24096236000000001,4125.436828919495,0.0,4125.436828919495,1.0,-27.1,44.458,652.94,44.361745563671235,close_unstuck_long
525,75775,HYPE,-0.5912618762207871,-0.24112092000000004,4124.604446123275,0.0,4124.604446123275,1.0,-27.19,44.34,625.75,44.361745563671235,close_unstuck_long
526,75776,HYPE,-4.300144065677849,-0.24100020800000002,4120.063301849597,0.0,4120.063301849597,1.0,-27.26,44.204,598.49,44.361745563671235,close_unstuck_long
527,75777,HYPE,-4.240951698767645,-0.240745876,4115.581604274829,0.0,4115.581604274829,1.0,-27.23,44.206,571.26,44.361745563671235,close_unstuck_long
528,75778,HYPE,-0.6982196867639334,-0.240478464,4114.642906124065,0.0,4114.642906124065,1.0,-27.12,44.336,544.14,44.361745563671235,close_unstuck_long
529,75779,HYPE,0.41324268014630994,-0.240434586,4114.815714218212,0.0,4114.815714218212,1.0,-27.09,44.377,517.05,44.361745563671235,close_unstuck_long
530,75820,HYPE,192.08283019627518,-1.63375366,4305.264790754487,0.0,4305.264790754487,1.0,-179.81,45.43,337.24,44.361745563671235,close_grid_long
531,75823,HYPE,219.5955771065312,-1.713074154,4523.147293707018,0.0,4523.147293707018,1.0,-188.13,45.529,149.11,44.361745563671235,close_grid_long
532,75844,HYPE,188.21475900098253,-1.3605989280000002,4710.001453780001,0.0,4710.001453780001,1.0,-149.11,45.624,0.0,44.361745563671235,close_grid_long
533,75887,HYPE,0.0,-0.783516504,4709.217937276001,0.0,4709.217937276001,1.0,88.21,44.412,88.21,44.412,entry_initial_normal_long
534,76011,HYPE,0.0,-0.11172470400000001,4709.106212572001,0.0,4709.106212572001,1.0,12.74,43.848,100.95,44.34082258543833,entry_trailing_cropped_long
535,77083,HYPE,129.83961000000065,-0.92120913,4838.024613442001,0.0,4838.024613442001,1.0,-100.95,45.627,0.0,44.34082258543833,close_grid_long
536,77470,HYPE,0.0,-0.8048256720000001,4837.219787770001,0.0,4837.219787770001,1.0,90.12,44.653,90.12,44.653,entry_initial_normal_long
537,77992,HYPE,0.0,-0.11474508000000001,4837.105042690001,0.0,4837.105042690001,1.0,13.18,43.53,103.3,44.50971694094869,entry_trailing_cropped_long
538,78017,HYPE,0.0,-0.994009104,4836.111033586001,0.0,4836.111033586001,1.0,114.84,43.278,218.14,43.8612784450353,entry_grid_normal_long
539,78148,HYPE,0.0,-2.0642451200000003,4834.046788466001,0.0,4834.046788466001,1.0,242.51,42.56,460.65,43.1762181265603,entry_grid_normal_long
